ply
format ascii 1.0
comment generated by xdh
element vertex 2430 
property float x
property float y
property float z
element face 4860
property list uchar int vertex_indices
end_header
-8.500000 -7.500000 6.688477 
-8.627930 -7.500000 7.500000 
-8.586914 -7.586914 7.413086 
-8.622070 -7.500000 7.622070 
-8.432617 -7.500000 6.500000 
-8.584961 -7.584961 7.500000 
-8.500000 -7.754883 7.245117 
-8.348633 -7.500000 6.348633 
-8.500000 -7.750977 7.500000 
-8.500000 -6.684570 7.500000 
-8.268555 -6.500000 6.268555 
-8.571289 -7.571289 8.428711 
-8.577148 -7.500000 8.500000 
-8.565430 -7.565430 8.500000 
-8.557617 -7.500000 8.557617 
-8.500000 -7.698242 8.301758 
-8.040039 -7.040039 5.500000 
-8.500000 -7.602539 8.500000 
-8.500000 -6.727539 8.272461 
-8.500000 -7.500000 8.549805 
-8.500000 -6.725586 8.500000 
-7.946289 -6.500000 5.500000 
-8.500000 -6.965820 9.034180 
-8.073242 -8.073242 6.926758 
-7.840820 -6.840820 5.159180 
-8.110352 -8.110352 7.500000 
-7.809570 -7.500000 5.500000 
-7.938477 -7.938477 6.500000 
-7.848633 -7.848633 6.151367 
-8.096680 -8.096680 7.903320 
-7.618164 -7.618164 5.500000 
-7.500000 -6.500000 4.545898 
-8.217773 -7.500000 9.217773 
-7.569336 -7.569336 5.430664 
-8.043945 -8.043945 8.500000 
-7.500000 -7.086914 4.913086 
-7.428711 -6.500000 4.500000 
-7.500000 -7.500000 5.291992 
-7.500000 -7.584961 5.415039 
-7.500000 -7.643555 5.500000 
-8.170898 -7.170898 9.500000 
-7.823242 -6.823242 7.500000 
-7.500000 -6.110352 5.500000 
-7.500000 -7.956055 6.043945 
-7.500000 -6.229492 5.770508 
-7.858398 -6.858398 8.141602 
-7.500000 -8.073242 6.500000 
-8.079102 -6.500000 9.500000 
-7.500000 -6.500000 6.131836 
-7.500000 -6.784180 6.215820 
-7.903320 -7.903320 9.096680 
-7.500000 -6.842773 6.500000 
-7.500000 -8.135742 6.864258 
-7.971680 -7.500000 9.500000 
-7.797852 -6.797852 8.500000 
-7.500000 -7.071289 6.928711 
-7.299805 -6.299805 5.700195 
-7.500000 -8.190430 7.500000 
-7.061523 -7.061523 4.500000 
-7.500000 -7.092773 7.500000 
-7.500000 -8.168945 7.831055 
-7.198242 -6.198242 5.500000 
-7.334961 -7.334961 6.665039 
-7.922852 -6.500000 9.922852 
-7.276367 -7.500000 6.500000 
-7.500000 -7.112305 7.887695 
-7.245117 -7.245117 6.500000 
-7.717773 -7.717773 9.500000 
-7.356445 -7.500000 7.356445 
-7.127930 -7.127930 5.872070 
-7.500000 -8.010742 8.500000 
-7.348633 -7.500000 7.500000 
-6.842773 -6.842773 4.157227 
-7.352539 -7.352539 7.500000 
-7.723633 -7.500000 9.723633 
-6.907227 -7.500000 4.907227 
-7.344727 -7.344727 7.655273 
-7.500000 -6.999023 8.500000 
-7.500000 -7.954102 9.045898 
-6.729492 -5.500000 3.729492 
-6.895508 -6.500000 5.500000 
-7.500000 -6.500000 9.063477 
-7.500000 -7.762695 9.500000 
-6.600586 -5.500000 3.500000 
-6.584961 -5.584961 3.500000 
-7.303711 -7.303711 8.500000 
-7.250977 -7.500000 8.250977 
-6.852539 -7.500000 5.852539 
-6.547852 -5.547852 3.452148 
-7.500000 -7.500000 9.784180 
-6.500000 -5.674805 3.325195 
-6.500000 -6.202148 3.500000 
-6.500000 -5.500000 3.383789 
-7.500000 -5.872070 9.500000 
-7.235352 -7.500000 8.500000 
-6.500000 -6.500000 3.696289 
-6.754883 -6.754883 5.500000 
-6.500000 -5.297852 3.500000 
-6.500000 -6.956055 4.043945 
-7.500000 -6.821289 10.178711 
-7.500000 -5.965820 10.034180 
-6.500000 -7.284180 4.500000 
-6.500000 -5.083008 3.916992 
-7.500000 -6.500000 10.245117 
-6.633789 -7.500000 5.500000 
-6.500000 -5.500000 4.370117 
-6.333008 -6.333008 3.500000 
-6.500000 -5.584961 4.500000 
-6.500000 -6.075195 4.924805 
-6.500000 -6.500000 5.161133 
-7.182617 -6.500000 9.182617 
-6.393555 -5.500000 4.393555 
-7.323242 -6.500000 10.323242 
-6.944336 -7.500000 8.944336 
-6.338867 -1.500000 3.338867 
-6.280273 -2.280273 3.500000 
-6.356445 -1.356445 3.500000 
-6.303711 -2.303711 3.696289 
-6.329102 -1.500000 3.500000 
-6.411133 -2.411133 4.500000 
-6.397461 -2.500000 4.500000 
-6.350586 -1.350586 3.649414 
-6.372070 -2.500000 4.372070 
-6.411133 -2.411133 4.588867 
-6.215820 -6.215820 4.784180 
-6.200195 -1.200195 2.799805 
-6.456055 -1.456055 4.543945 
-6.420898 -1.500000 4.420898 
-5.987305 -4.500000 2.987305 
-6.096680 -5.096680 3.903320 
-5.934570 -5.934570 3.065430 
-6.428711 -1.428711 4.500000 
-6.172852 -2.500000 3.500000 
-6.415039 -1.500000 4.500000 
-6.836914 -1.836914 7.163086 
-6.252930 -3.252930 4.500000 
-6.284180 -3.284180 4.715820 
-6.469727 -0.500000 4.469727 
-6.469727 -0.500000 4.500000 
-6.907227 -1.500000 7.500000 
-6.083008 -1.083008 2.500000 
-6.063477 -2.063477 2.936523 
-6.456055 -0.456055 4.500000 
-6.032227 -1.500000 2.500000 
-6.452148 -0.452148 4.547852 
-6.178711 -3.500000 4.500000 
-5.881836 -6.500000 3.500000 
-6.040039 -6.040039 4.500000 
-6.090820 -3.090820 3.909180 
-6.075195 -0.500000 2.500000 
-6.168945 -0.500000 3.168945 
-6.139648 -0.139648 2.860352 
-6.252930 -3.500000 5.252930 
-6.967773 -5.500000 9.967773 
-6.325195 -2.500000 5.325195 
-5.739258 -4.739258 2.500000 
-5.899414 -1.899414 2.500000 
-6.284180 -3.284180 5.500000 
-6.348633 -2.348633 5.500000 
-5.959961 -2.959961 3.500000 
-6.325195 -2.500000 5.500000 
-5.715820 -4.500000 2.500000 
-6.151367 -0.500000 3.500000 
-5.926758 -6.500000 4.500000 
-6.348633 -2.348633 5.651367 
-6.358398 -1.500000 5.358398 
-6.206055 -3.500000 5.500000 
-6.143555 -0.143555 3.500000 
-6.352539 -1.500000 5.500000 
-5.635742 -4.635742 2.364258 
-6.348633 -1.348633 5.500000 
-5.977539 0.022461 2.500000 
-6.043945 -4.043945 4.956055 
-5.965820 -3.965820 4.500000 
-5.754883 -1.754883 2.245117 
-6.338867 -1.338867 5.661133 
-6.645508 -1.645508 7.500000 
-5.741211 -4.741211 3.500000 
-6.622070 -7.500000 9.500000 
-6.354492 -0.500000 5.354492 
-6.129883 -0.129883 3.870117 
-6.327148 -2.500000 6.327148 
-6.184570 -3.184570 5.815430 
-6.500000 -1.942383 7.057617 
-5.526367 -5.526367 2.500000 
-5.522461 -5.500000 2.500000 
-5.514648 -5.514648 2.485352 
-6.350586 -2.350586 6.500000 
-5.500000 -4.795898 2.204102 
-5.764648 -0.764648 2.235352 
-5.500000 -5.524414 2.475586 
-5.500000 -5.500000 2.473633 
-6.327148 -2.500000 6.500000 
-5.500000 -5.588867 2.500000 
-6.041992 -4.041992 5.500000 
-6.381836 -1.500000 6.381836 
-5.500000 -4.500000 2.256836 
-5.825195 -3.825195 4.174805 
-6.500000 -1.500000 7.030273 
-5.739258 -2.739258 3.260742 
-6.350586 -2.350586 6.649414 
-5.825195 0.174805 2.174805 
-6.583008 -1.500000 7.583008 
-5.571289 -6.571289 3.428711 
-6.375977 -1.500000 6.500000 
-5.575195 -6.575195 3.500000 
-5.500000 -6.114258 2.885742 
-6.500000 -1.958008 7.500000 
-6.268555 -0.500000 5.500000 
-5.434570 -5.500000 2.434570 
-6.282227 -0.282227 5.500000 
-6.500000 -7.401367 9.500000 
-5.500000 -3.543945 2.500000 
-5.500000 -6.500000 3.327148 
-6.401367 -2.500000 7.401367 
-6.500000 -6.596680 9.403320 
-6.500000 -6.500000 9.389648 
-6.159180 0.500000 4.500000 
-6.659180 -6.659180 10.340820 
-5.485352 -3.500000 2.485352 
-5.500000 -6.563477 3.436523 
-6.323242 -1.323242 6.500000 
-5.500000 -1.500000 1.680664 
-6.411133 -2.411133 7.500000 
-6.561523 -5.500000 9.500000 
-5.500000 -6.594727 3.500000 
-6.069336 0.500000 4.069336 
-6.395508 -2.500000 7.500000 
-5.500000 -1.305664 1.694336 
-5.500000 -4.067383 2.932617 
-6.407227 -2.407227 7.592773 
-6.040039 -3.500000 6.040039 
-5.500000 -1.887695 2.112305 
-5.534180 -0.500000 1.500000 
-5.532227 -0.500000 1.532227 
-5.520508 -0.520508 1.479492 
-5.940430 0.500000 3.500000 
-5.442383 -3.500000 2.500000 
-6.131836 -3.131836 6.500000 
-5.520508 -0.520508 1.500000 
-6.313477 -1.313477 6.686523 
-5.778320 0.500000 2.500000 
-6.180664 -3.180664 6.819336 
-5.500000 -2.409180 2.500000 
-5.500000 -2.465820 2.534180 
-6.512695 -5.512695 9.487305 
-5.500000 -4.500000 3.288086 
-5.500000 -0.530273 1.469727 
-5.500000 -0.549805 1.500000 
-5.500000 -0.500000 1.479492 
-6.500000 -5.514648 9.485352 
-5.500000 -2.500000 2.643555 
-6.500000 -0.709961 7.500000 
-6.500000 -5.500000 9.491211 
-5.500000 -4.584961 3.415039 
-6.500000 -5.483398 9.500000 
-6.424805 -6.500000 9.424805 
-5.500000 -4.725586 3.500000 
-5.833008 -4.500000 5.500000 
-5.500000 -3.012695 2.987305 
-5.463867 -2.463867 2.536133 
-5.772461 0.500000 2.772461 
-5.500000 -0.209961 1.500000 
-5.500000 -5.223633 3.776367 
-5.397461 -1.397461 1.602539 
-5.500000 -6.500000 4.141602 
-5.420898 -2.500000 2.420898 
-5.500000 -5.500000 3.940430 
-5.500000 -5.942383 4.057617 
-6.446289 -5.500000 9.446289 
-5.928711 -3.928711 6.071289 
-5.430664 -2.430664 2.500000 
-5.420898 -2.500000 2.500000 
-6.024414 -3.500000 6.500000 
-6.500000 -1.696289 8.303711 
-6.133789 0.500000 5.133789 
-6.500000 -1.995117 8.500000 
-5.297852 -2.297852 1.702148 
-5.247070 -3.247070 1.752930 
-5.817383 -4.500000 5.817383 
-6.522461 -1.522461 8.477539 
-6.526367 -1.500000 8.500000 
-6.522461 -1.522461 8.500000 
-5.500000 -3.149414 3.500000 
-5.327148 -6.500000 3.327148 
-6.524414 -1.500000 8.524414 
-6.409180 -2.500000 8.409180 
-5.500000 -3.321289 3.678711 
-5.221680 -2.500000 1.500000 
-6.500000 -6.500000 10.393555 
-6.561523 -5.561523 10.438477 
-5.500000 -3.500000 3.776367 
-6.418945 -2.418945 8.500000 
-5.168945 -4.168945 1.831055 
-6.500000 -5.026367 9.973633 
-6.403320 -2.500000 8.500000 
-5.946289 1.053711 4.053711 
-5.500000 0.500000 1.663086 
-5.272461 -1.500000 1.500000 
-6.004883 0.995117 4.500000 
-6.120117 0.500000 5.500000 
-5.500000 -3.913086 4.086914 
-5.149414 -3.149414 1.500000 
-5.659180 -4.659180 5.340820 
-5.266602 -1.266602 1.500000 
-6.500000 -1.500000 8.739258 
-5.329102 -4.500000 3.329102 
-5.260742 -3.260742 2.500000 
-6.084961 -0.500000 6.084961 
-6.500000 -5.500000 10.422852 
-6.500000 -5.551758 10.448242 
-5.657227 -4.657227 5.500000 
-5.500000 -4.317383 4.500000 
-5.083008 -3.500000 1.500000 
-5.500000 -4.422852 4.577148 
-6.500000 -0.620117 8.500000 
-6.094727 -3.094727 7.500000 
-6.500000 -0.538086 8.461914 
-5.374023 -3.374023 3.500000 
-5.260742 -3.260742 2.739258 
-5.063477 -5.063477 1.936523 
-5.500000 -4.500000 4.698242 
-5.137695 -2.137695 1.500000 
-5.842773 -3.842773 6.500000 
-5.374023 -3.374023 3.625977 
-6.500000 -1.090820 8.909180 
-5.928711 -3.500000 6.928711 
-5.360352 0.500000 1.500000 
-6.436523 -5.500000 10.436523 
-5.319336 -3.500000 3.500000 
-5.358398 0.641602 1.500000 
-5.975586 1.024414 5.024414 
-6.022461 -0.022461 5.977539 
-6.428711 -0.500000 8.428711 
-5.416992 -4.416992 4.583008 
-5.354492 0.645508 1.645508 
-5.237305 -3.500000 3.237305 
-6.155273 -6.500000 9.500000 
-5.500000 0.901367 2.500000 
-5.500000 -4.725586 5.274414 
-6.075195 -3.075195 7.924805 
-6.276367 -0.276367 7.723633 
-4.934570 -3.934570 1.500000 
-5.366211 -4.366211 4.500000 
-6.020508 0.500000 6.020508 
-5.500000 -4.772461 5.500000 
-4.911133 -2.911133 1.088867 
-5.168945 -6.168945 3.831055 
-6.368164 -0.500000 8.500000 
-5.989258 -0.500000 6.500000 
-5.848633 1.500000 4.500000 
-5.170898 0.500000 1.170898 
-6.049805 -0.500000 7.049805 
-5.038086 -0.038086 0.961914 
-5.903320 1.096680 5.500000 
-5.834961 1.500000 4.834961 
-4.950195 -0.950195 1.049805 
-4.786133 -3.786133 1.213867 
-4.790039 -4.500000 1.500000 
-5.825195 -3.500000 7.500000 
-4.860352 -1.860352 1.139648 
-5.561523 1.438477 3.500000 
-5.581055 1.500000 3.581055 
-5.500000 -4.500000 6.182617 
-4.850586 -5.850586 2.500000 
-6.262695 -0.262695 8.500000 
-5.536133 1.463867 3.463867 
-6.034180 -0.500000 7.500000 
-5.999023 -2.999023 8.500000 
-4.717773 -4.717773 1.500000 
-5.518555 1.500000 3.500000 
-5.704102 -3.704102 7.295898 
-5.879883 0.120117 6.500000 
-5.500000 1.500000 3.432617 
-5.801758 -3.500000 7.801758 
-5.006836 -4.006836 3.500000 
-5.500000 -4.157227 6.500000 
-5.500000 1.659180 3.500000 
-5.055664 -4.055664 3.944336 
-5.696289 -3.696289 7.500000 
-4.713867 -5.713867 2.286133 
-4.622070 -4.622070 1.377930 
-6.129883 -1.500000 9.129883 
-4.973633 1.026367 1.026367 
-5.807617 -5.807617 9.192383 
-4.737305 -0.500000 0.737305 
-5.836914 -4.836914 9.163086 
-5.713867 1.500000 5.500000 
-5.500000 -3.903320 7.096680 
-4.776367 -6.500000 3.500000 
-4.500000 -3.286133 0.713867 
-5.764648 0.500000 6.500000 
-5.846680 0.153320 7.153320 
-4.500000 -4.008789 0.991211 
-4.500000 -3.500000 0.866211 
-5.174805 1.500000 2.500000 
-5.340820 -4.340820 6.500000 
-4.500000 -4.692383 1.307617 
-4.500000 -2.500000 0.583008 
-4.500000 -2.438477 0.561523 
-4.500000 -4.500000 1.321289 
-5.708008 1.500000 5.708008 
-5.008789 1.500000 1.500000 
-5.276367 -4.500000 6.276367 
-5.090820 1.500000 2.090820 
-5.862305 -4.500000 9.500000 
-4.500000 -4.918945 1.500000 
-4.760742 -5.500000 3.500000 
-5.877930 -2.500000 8.877930 
-4.459961 -2.500000 0.500000 
-4.465820 -2.465820 0.534180 
-5.334961 -4.334961 6.665039 
-5.500000 2.165039 4.165039 
-5.754883 0.500000 6.754883 
-4.500000 -5.270508 1.729492 
-4.737305 -5.737305 3.500000 
-5.500000 -3.989258 7.500000 
-4.452148 -2.452148 0.500000 
-4.500000 -5.500000 1.997070 
-5.829102 0.170898 7.500000 
-4.979492 -4.979492 5.020508 
-5.891602 -4.891602 10.108398 
-4.500000 -1.500000 0.729492 
-4.375977 -3.375977 0.624023 
-5.500000 2.153320 4.500000 
-5.237305 -4.500000 6.500000 
-4.500000 -5.733398 2.266602 
-5.026367 -5.026367 5.500000 
-4.500000 -1.178711 0.821289 
-4.614258 0.385742 0.500000 
-4.500000 -5.868164 2.500000 
-4.614258 0.500000 0.500000 
-4.424805 -1.424805 0.575195 
-4.500000 -0.500000 0.561523 
-4.500000 -0.459961 0.540039 
-4.575195 0.424805 0.424805 
-4.284180 -3.284180 0.500000 
-4.500000 -0.211914 0.500000 
-4.467773 -0.467773 0.532227 
-5.920898 -0.500000 8.920898 
-5.500000 -3.780273 8.219727 
-5.553711 -3.553711 8.446289 
-5.500000 2.131836 5.131836 
-4.786133 -4.500000 4.500000 
-5.897461 -0.897461 9.102539 
-4.350586 -1.500000 0.500000 
-5.561523 -3.500000 8.500000 
-5.500000 -5.219727 8.780273 
-5.727539 0.500000 7.500000 
-5.500000 -5.500000 8.879883 
-5.551758 -3.551758 8.500000 
-4.614258 -4.500000 3.500000 
-4.432617 -0.432617 0.500000 
-5.557617 -3.500000 8.557617 
-4.500000 0.375977 0.375977 
-4.340820 -1.340820 0.500000 
-4.612305 -4.500000 3.612305 
-4.500000 0.500000 0.344727 
-5.286133 -4.286133 7.500000 
-5.500000 2.028320 5.500000 
-5.500000 -3.686523 8.500000 
-5.500000 -4.500000 8.809570 
-5.719727 0.500000 7.719727 
-5.500000 -5.774414 9.225586 
-4.280273 -5.280273 1.719727 
-4.500000 -5.500000 3.325195 
-5.032227 1.967773 2.967773 
-5.500000 1.797852 5.797852 
-4.948242 -4.948242 6.051758 
-5.500000 -3.500000 8.594727 
-5.165039 -4.500000 7.165039 
-5.614258 -4.500000 9.614258 
-5.500000 -6.045898 9.500000 
-4.340820 -0.500000 0.500000 
-4.137695 -3.500000 0.500000 
-5.655273 -5.655273 10.344727 
-4.168945 -4.500000 1.168945 
-4.659180 -4.659180 4.500000 
-4.500000 -4.524414 3.500000 
-4.137695 -4.137695 0.862305 
-5.268555 2.500000 4.268555 
-4.500000 1.192383 0.500000 
-5.233398 -4.233398 7.766602 
-5.500000 1.500000 6.456055 
-5.500000 1.497070 6.497070 
-5.500000 1.497070 6.500000 
-5.499023 1.500000 6.499023 
-5.499023 1.500000 6.500000 
-5.024414 2.500000 3.024414 
-5.098633 2.500000 3.500000 
-5.495117 1.504883 6.500000 
-5.495117 1.504883 6.504883 
-5.264648 2.500000 4.500000 
-5.348633 -4.348633 8.651367 
-5.500000 -4.391602 9.500000 
-4.500000 1.500000 0.702148 
-5.500000 -2.987305 9.012695 
-5.500000 -4.422852 9.577148 
-5.500000 -4.500000 9.666992 
-5.708008 0.500000 8.500000 
-5.264648 -5.264648 8.735352 
-4.874023 -4.874023 6.500000 
-5.262695 -4.262695 8.500000 
-4.500000 -4.643555 4.356445 
-3.989258 -1.989258 0.010742 
-5.500000 -5.500000 10.245117 
-4.500000 -4.741211 4.500000 
-5.500000 -4.887695 10.112305 
-5.500000 1.270508 7.270508 
-5.500000 -2.500000 9.268555 
-5.418945 -4.418945 9.581055 
-4.401367 1.598633 0.598633 
-5.010742 -4.500000 7.500000 
-5.500000 1.124023 7.500000 
-3.997070 -4.997070 1.500000 
-4.745117 2.254883 2.500000 
-4.342773 1.500000 0.500000 
-5.133789 -5.133789 8.500000 
-3.883789 -2.883789 0.116211 
-4.500000 -5.034180 4.965820 
-5.377930 -3.500000 9.377930 
-5.141602 -4.500000 8.500000 
-5.196289 2.500000 5.196289 
-4.266602 -5.266602 3.733398 
-5.561523 0.500000 8.561523 
-5.034180 -4.500000 8.034180 
-5.500000 1.030273 8.030273 
-3.965820 -5.500000 1.965820 
-5.500000 -1.536133 9.463867 
-5.500000 -1.500000 9.448242 
-4.500000 -5.323242 5.500000 
-4.500000 2.305664 1.500000 
-4.174805 -5.174805 3.500000 
-3.909180 -0.909180 0.090820 
-5.379883 -2.500000 9.379883 
-4.262695 1.737305 0.500000 
-3.784180 -3.784180 0.500000 
-5.500000 -0.747070 9.252930 
-4.079102 -5.500000 3.079102 
-5.500000 -0.500000 9.129883 
-5.500000 0.500000 8.598633 
-5.500000 0.565430 8.565430 
-4.500000 -5.329102 5.670898 
-5.379883 1.500000 7.379883 
-5.500000 0.694336 8.500000 
-5.456055 -1.500000 9.456055 
-5.151367 2.500000 5.500000 
-4.934570 -4.934570 8.065430 
-4.825195 -4.825195 7.500000 
-5.500000 0.006836 9.006836 
-5.375977 1.500000 7.500000 
-3.987305 0.500000 -0.012695 
-3.938477 0.061523 0.061523 
-4.573242 2.426758 2.426758 
-5.333008 -2.333008 9.500000 
-4.397461 -5.397461 5.500000 
-4.407227 -5.407227 5.592773 
-4.733398 -4.733398 7.266602 
-5.229492 -3.500000 9.500000 
-3.670898 -3.670898 0.329102 
-4.555664 2.500000 2.500000 
-3.881836 -5.881836 2.500000 
-5.278320 -2.500000 9.500000 
-3.719727 -4.719727 1.280273 
-4.500000 2.500000 2.364258 
-3.958008 1.041992 0.041992 
-5.416992 -0.500000 9.416992 
-5.010742 -6.010742 9.500000 
-4.500000 -5.071289 6.500000 
-4.500000 2.625977 2.500000 
-5.321289 -1.321289 9.500000 
-4.110352 -5.110352 4.500000 
-4.018555 -5.500000 4.018555 
-4.258789 -5.500000 5.500000 
-4.159180 -5.159180 4.840820 
-3.741211 -5.741211 2.258789 
-5.225586 1.774414 7.500000 
-4.282227 2.500000 1.500000 
-5.352539 -0.500000 9.500000 
-5.120117 -3.120117 9.500000 
-5.245117 -1.500000 9.500000 
-3.500000 -3.043945 -0.043945 
-3.500000 -2.500000 -0.252930 
-3.500000 -3.500000 0.131836 
-3.500000 -3.745117 0.254883 
-3.500000 -2.268555 -0.268555 
-5.049805 -5.049805 9.950195 
-4.782227 3.217773 4.217773 
-5.284180 0.715820 8.715820 
-3.500000 -4.002930 0.500000 
-4.500000 -4.930664 7.069336 
-4.963867 2.500000 5.963867 
-3.500000 -1.500000 -0.333008 
-3.500000 -4.256836 0.743164 
-3.500000 -1.295898 -0.295898 
-4.143555 2.500000 1.143555 
-3.500000 -4.500000 0.977539 
-4.948242 -5.500000 9.948242 
-4.760742 3.239258 4.500000 
-4.786133 -5.786133 9.213867 
-3.500000 -4.770508 1.229492 
-4.500000 -5.030273 7.500000 
-5.245117 -0.245117 9.500000 
-3.362305 -2.362305 -0.362305 
-3.500000 -4.983398 1.500000 
-3.500000 -0.500000 -0.196289 
-5.155273 1.500000 8.155273 
-4.500000 3.247070 3.247070 
-3.500000 -0.250977 -0.250977 
-4.258789 -5.258789 6.500000 
-3.743164 -5.500000 3.500000 
-3.500000 -5.217773 1.782227 
-3.377930 -1.377930 -0.377930 
-4.500000 -5.127930 7.872070 
-3.500000 -5.500000 1.950195 
-4.500000 3.334961 3.500000 
-4.579102 -5.500000 8.579102 
-3.500000 -5.735352 2.264648 
-3.319336 -4.319336 0.680664 
-4.108398 -5.500000 6.108398 
-3.500000 0.500000 -0.331055 
-5.129883 -1.500000 10.129883 
-5.131836 0.500000 9.131836 
-3.500000 -5.911133 2.500000 
-3.500000 0.668945 -0.331055 
-3.799805 -5.500000 4.500000 
-4.500000 3.500000 3.754883 
-4.500000 -5.426758 8.500000 
-4.500000 -5.458008 8.541992 
-3.624023 -5.624023 3.500000 
-4.190430 -5.190430 6.809570 
-4.500000 -5.500000 8.602539 
-3.336914 -0.336914 -0.336914 
-3.178711 -3.178711 -0.178711 
-4.473633 -5.473633 8.526367 
-5.159180 -0.500000 10.159180 
-4.583008 3.500000 4.500000 
-3.795898 -5.500000 4.795898 
-3.204102 -4.204102 0.500000 
-3.573242 -5.573242 3.426758 
-3.405273 0.594727 -0.405273 
-4.774414 2.500000 6.500000 
-4.424805 -5.424805 8.500000 
-4.549805 3.500000 4.549805 
-4.803711 2.500000 6.803711 
-4.500000 -5.836914 9.163086 
-4.985352 1.500000 8.500000 
-5.061523 0.500000 9.500000 
-3.270508 -5.270508 1.729492 
-3.500000 1.500000 -0.102539 
-3.500000 -5.604492 3.395508 
-4.334961 3.500000 3.500000 
-3.727539 2.500000 0.500000 
-4.733398 -3.500000 9.733398 
-3.666992 -5.666992 4.500000 
-4.500000 3.500000 4.532227 
-4.500000 3.522461 4.522461 
-3.500000 -5.752930 3.500000 
-4.500000 3.575195 4.500000 
-4.801758 -2.500000 9.801758 
-3.618164 -5.618164 4.381836 
-4.256836 3.500000 3.256836 
-4.598633 -4.500000 9.598633 
-3.637695 2.362305 0.362305 
-4.157227 -5.157227 7.500000 
-4.500000 -5.627930 9.500000 
-3.166992 -5.166992 1.500000 
-3.760742 -5.760742 5.500000 
-4.500000 -5.500000 9.563477 
-4.500000 -5.440430 9.559570 
-3.711914 -5.711914 5.288086 
-3.500000 2.083008 0.083008 
-4.467773 -5.467773 9.532227 
-4.500000 3.288086 5.288086 
-3.500000 -5.848633 4.151367 
-4.155273 -5.155273 7.844727 
-4.500000 3.190430 5.500000 
-4.754883 2.500000 7.500000 
-4.413086 -5.500000 9.500000 
-4.500000 -4.500000 9.717773 
-3.500000 -5.770508 4.500000 
-4.500000 2.989258 5.989258 
-2.887695 -3.500000 -0.112305 
-3.823242 -5.500000 6.500000 
-3.500000 2.500000 0.331055 
-2.887695 -3.887695 0.112305 
-2.916992 -4.500000 0.500000 
-3.848633 3.151367 2.151367 
-2.958008 -4.958008 1.041992 
-4.500000 -4.077148 9.922852 
-4.692383 2.500000 7.692383 
-3.500000 2.731445 0.500000 
-4.500000 -3.500000 9.842773 
-4.750977 1.500000 8.750977 
-4.848633 0.500000 9.848633 
-4.500000 -3.198242 9.801758 
-3.790039 -5.500000 6.790039 
-3.500000 -5.793945 5.206055 
-4.500000 3.028320 6.500000 
-3.674805 -5.674805 6.325195 
-3.500000 -5.877930 5.500000 
-4.243164 3.756836 4.756836 
-4.291992 3.500000 5.291992 
-4.198242 3.801758 4.500000 
-3.170898 1.829102 -0.170898 
-3.807617 3.500000 2.500000 
-3.500000 3.014648 1.014648 
-4.500000 2.979492 6.979492 
-3.641602 -5.641602 6.500000 
-4.500000 -2.500000 10.022461 
-2.899414 -5.500000 1.899414 
-3.500000 3.016602 1.500000 
-4.500000 2.834961 7.500000 
-3.500000 -5.799805 6.200195 
-3.215820 2.500000 0.215820 
-4.198242 3.500000 5.500000 
-4.500000 2.733398 7.733398 
-4.500000 2.194336 8.194336 
-2.622070 -4.622070 0.500000 
-4.500000 2.500000 8.055664 
-3.500000 -5.721680 6.500000 
-4.500000 -1.557617 10.442383 
-4.500000 2.041992 8.500000 
-4.500000 -1.500000 10.436523 
-2.563477 -4.563477 0.436523 
-2.500000 -3.333008 -0.333008 
-2.500977 -2.500000 -0.499023 
-2.500000 -2.500000 -0.499023 
-2.500000 -2.499023 -0.499023 
-2.500000 -3.500000 -0.231445 
-2.499023 -2.499023 -0.499023 
-3.155273 -6.155273 4.844727 
-3.100586 -6.100586 4.500000 
-4.489258 -1.489258 10.500000 
-2.788086 -5.788086 2.500000 
-4.500000 1.831055 8.831055 
-2.750977 -5.750977 2.249023 
-2.500000 -3.954102 0.045898 
-3.500000 3.500000 1.969727 
-4.461914 -1.500000 10.461914 
-4.500000 1.500000 9.088867 
-2.866211 -5.866211 3.133789 
-4.463867 -1.500000 10.500000 
-2.500977 -1.500000 -0.499023 
-2.500000 -1.500000 -0.499023 
-2.500000 -1.499023 -0.499023 
-2.499023 -1.499023 -0.499023 
-2.985352 -5.985352 4.014648 
-2.500000 -4.500000 0.379883 
-2.899414 -5.899414 3.500000 
-2.500000 -4.575195 0.424805 
-2.500000 -4.698242 0.500000 
-4.500000 1.368164 9.368164 
-4.500000 1.202148 9.500000 
-4.500000 -0.518555 10.481445 
-4.500000 -0.500000 10.475586 
-2.500000 -5.127930 0.872070 
-2.500977 -0.500000 -0.499023 
-4.479492 -0.500000 10.479492 
-2.500000 -0.500000 -0.499023 
-2.500000 -0.499023 -0.499023 
-2.499023 -0.499023 -0.499023 
-4.114258 3.500000 6.114258 
-4.500000 0.875977 9.875977 
-3.500000 -5.500000 7.362305 
-3.708008 -5.500000 8.500000 
-4.500000 0.500000 10.120117 
-4.500000 0.284180 10.284180 
-4.227539 -2.500000 10.227539 
-2.358398 -3.358398 -0.358398 
-4.026367 -4.500000 10.026367 
-3.500000 -5.268555 7.500000 
-4.442383 -0.442383 10.500000 
-3.500000 3.842773 2.500000 
-4.418945 -0.500000 10.500000 
-3.461914 -5.500000 7.461914 
-2.500000 -5.385742 1.500000 
-3.090820 -6.090820 5.500000 
-3.500000 -5.342773 7.657227 
-2.500000 -5.444336 1.555664 
-4.053711 -3.500000 10.053711 
-2.500000 -5.500000 1.666992 
-2.348633 -4.500000 0.348633 
-4.375977 1.500000 9.375977 
-2.500977 0.500000 -0.499023 
-2.500000 0.500000 -0.499023 
-2.500000 0.500977 -0.499023 
-2.499023 0.500977 -0.499023 
-2.434570 -5.434570 1.500000 
-4.243164 2.500000 8.243164 
-2.434570 -5.434570 1.565430 
-3.389648 -5.500000 7.500000 
-3.081055 -6.081055 5.918945 
-2.500000 -5.782227 2.217773 
-3.377930 -5.377930 7.500000 
-3.545898 -5.545898 8.500000 
-4.165039 2.834961 7.834961 
-3.528320 -5.528320 8.471680 
-2.500000 -5.885742 2.500000 
-4.129883 -2.129883 10.500000 
-3.131836 3.500000 1.500000 
-3.500000 -5.514648 8.485352 
-2.348633 -5.500000 1.500000 
-3.500000 -5.500000 8.483398 
-3.500000 -5.557617 8.500000 
-3.500000 4.192383 3.192383 
-3.336914 -5.336914 7.663086 
-2.500977 1.500000 -0.499023 
-2.500000 1.500000 -0.499023 
-2.500000 1.500977 -0.499023 
-4.254883 1.500000 9.500000 
-2.499023 1.500977 -0.499023 
-2.500000 -5.979492 3.020508 
-4.262695 0.500000 10.262695 
-4.145508 2.500000 8.500000 
-3.500000 4.282227 3.500000 
-2.192383 -5.192383 0.807617 
-3.983398 3.500000 6.983398 
-3.500000 -5.500000 9.055664 
-2.500000 -6.004883 3.500000 
-2.799805 3.200195 0.500000 
-2.034180 -4.034180 -0.034180 
-3.784180 -3.784180 10.215820 
-2.950195 -5.950195 6.500000 
-2.500000 -6.110352 3.889648 
-3.500000 4.276367 4.276367 
-3.500000 -5.118164 9.500000 
-3.500000 4.276367 4.500000 
-2.500000 2.500000 -0.116211 
-3.725586 3.500000 6.500000 
-2.500000 -6.336914 4.500000 
-3.805664 -2.500000 10.500000 
-2.500000 -6.352539 4.647461 
-1.911133 -4.911133 0.500000 
-3.833008 3.500000 7.500000 
-3.500000 4.178711 5.178711 
-2.887695 -5.887695 7.112305 
-3.500000 -4.500000 10.032227 
-3.500000 4.004883 5.500000 
-3.696289 -2.696289 10.500000 
-3.911133 2.500000 8.911133 
-2.407227 -6.407227 4.592773 
-3.500000 3.827148 5.827148 
-2.885742 -5.885742 7.500000 
-3.178711 4.500000 3.500000 
-2.350586 -6.350586 4.500000 
-3.942383 0.500000 10.500000 
-2.500000 -6.352539 5.500000 
-2.500000 3.270508 0.500000 
-3.790039 -1.500000 10.790039 
-3.756836 3.500000 7.756836 
-2.206055 -6.206055 3.793945 
-3.895508 1.500000 9.895508 
-2.500000 -6.336914 5.663086 
-3.500000 -3.663086 10.336914 
-3.649414 -2.500000 10.649414 
-3.500000 -3.500000 10.313477 
-1.999023 -5.999023 2.500000 
-2.500000 3.500000 0.596680 
-3.834961 -0.500000 10.834961 
-1.708008 -4.708008 0.291992 
-1.916992 -5.916992 2.083008 
-2.110352 -6.110352 3.500000 
-3.500000 3.825195 6.500000 
-2.022461 -6.022461 2.977539 
-3.184570 -5.184570 9.500000 
-3.387695 -4.500000 10.387695 
-3.172852 4.500000 4.172852 
-3.776367 2.223633 9.223633 
-2.395508 -6.395508 5.500000 
-3.500000 -2.741211 10.500000 
-2.387695 -6.387695 5.612305 
-3.026367 -5.500000 9.026367 
-1.760742 -5.760742 1.500000 
-3.170898 4.500000 4.500000 
-3.500000 3.913086 6.913086 
-3.374023 -3.500000 10.374023 
-2.500000 -6.147461 6.500000 
-2.352539 3.500000 0.500000 
-3.500000 -2.500000 10.717773 
-3.319336 -4.319336 10.500000 
-1.500977 -3.500000 -0.499023 
-1.500000 -3.500000 -0.499023 
-1.500000 -3.499023 -0.499023 
-1.499023 -3.499023 -0.499023 
-1.500977 -2.500000 -0.499023 
-1.500000 -2.500000 -0.499023 
-1.500000 -2.499023 -0.499023 
-1.499023 -2.499023 -0.499023 
-3.500000 -2.268555 10.731445 
-3.276367 -4.500000 10.500000 
-1.500000 -4.127930 -0.127930 
-1.657227 -5.657227 1.342773 
-1.500977 -1.500000 -0.499023 
-1.500000 -1.500000 -0.499023 
-1.500000 -1.499023 -0.499023 
-1.499023 -1.499023 -0.499023 
-2.204102 -6.500000 5.204102 
-1.500000 -4.500000 0.100586 
-2.500000 3.948242 1.500000 
-3.090820 -5.090820 9.909180 
-1.500000 -4.739258 0.260742 
-2.500000 -5.997070 7.002930 
-1.500977 -0.500000 -0.499023 
-1.500000 -0.500000 -0.499023 
-1.500000 -0.499023 -0.499023 
-1.499023 -0.499023 -0.499023 
-3.500000 3.999023 7.500000 
-3.676758 0.500000 10.676758 
-1.500000 -5.084961 0.500000 
-3.688477 1.311523 10.311523 
-1.500000 -5.295898 0.704102 
-3.500000 -1.500000 10.913086 
-2.043945 2.956055 -0.043945 
-1.500000 -5.500000 0.903320 
-3.500000 3.885742 7.885742 
-2.317383 -6.317383 6.500000 
-2.500000 -5.991211 7.500000 
-3.227539 -3.227539 10.500000 
-2.131836 -6.500000 5.500000 
-1.961914 -6.500000 4.500000 
-3.500000 3.411133 8.411133 
-3.500000 3.500000 8.372070 
-3.500000 -0.981445 11.018555 
-1.500000 -5.694336 1.305664 
-1.500977 0.500000 -0.499023 
-1.500000 0.500000 -0.499023 
-1.500000 0.500977 -0.499023 
-3.500000 3.374023 8.500000 
-3.500000 2.860352 8.860352 
-1.499023 0.500977 -0.499023 
-3.500000 2.500000 9.151367 
-2.579102 4.420898 2.500000 
-1.500000 -5.776367 1.500000 
-3.500000 2.098633 9.500000 
-3.500000 2.352539 9.352539 
-3.500000 -0.500000 11.018555 
-2.500000 4.348633 2.348633 
-2.594727 -5.594727 8.405273 
-3.500000 -0.055664 10.944336 
-3.104492 -3.500000 10.500000 
-3.420898 3.500000 8.420898 
-2.594727 -5.594727 8.500000 
-1.500000 -6.014648 1.985352 
-2.903320 4.500000 4.903320 
-3.500000 0.500000 10.790039 
-2.500000 4.473633 2.500000 
-3.500000 1.969727 9.969727 
-3.500000 0.758789 10.758789 
-1.301758 -5.301758 0.698242 
-3.500000 1.409180 10.409180 
-3.500000 1.500000 10.366211 
-2.959961 -4.959961 10.500000 
-2.500000 4.500000 2.643555 
-3.500000 1.315430 10.500000 
-2.500000 -5.622070 8.377930 
-1.182617 -4.182617 -0.182617 
-1.500000 -6.086914 2.500000 
-1.500977 1.500000 -0.499023 
-1.500000 1.500000 -0.499023 
-1.500000 1.500977 -0.499023 
-1.499023 1.500977 -0.499023 
-2.500000 -5.620117 8.500000 
-2.165039 -6.165039 6.834961 
-1.659180 2.500000 -0.340820 
-3.442383 1.500000 10.442383 
-1.500000 -6.153320 2.846680 
-1.190430 -5.190430 0.500000 
-3.395508 1.500000 10.500000 
-2.770508 4.229492 5.500000 
-3.231445 2.500000 9.231445 
-1.500000 -6.303711 3.500000 
-1.616211 -6.616211 4.383789 
-1.631836 -6.631836 4.500000 
-1.500000 -6.370117 3.629883 
-3.196289 3.500000 8.500000 
-2.500000 4.827148 3.500000 
-2.500000 -5.500000 9.358398 
-1.500000 2.500000 -0.434570 
-3.018555 -2.500000 11.018555 
-3.229492 -0.500000 11.229492 
-1.797852 -6.500000 5.797852 
-2.102539 -6.102539 7.500000 
-2.500000 4.823242 3.823242 
-3.086914 -1.500000 11.086914 
-2.500000 -5.360352 9.500000 
-1.500000 -6.500000 4.057617 
-2.217773 4.500000 2.500000 
-2.786133 -4.500000 10.786133 
-1.500000 2.680664 -0.319336 
-0.956055 -4.500000 -0.043945 
-2.500000 -5.346680 9.653320 
-1.500000 -6.620117 4.379883 
-1.852539 -6.500000 6.500000 
-2.618164 -5.500000 10.500000 
-2.100586 -6.100586 7.899414 
-2.618164 4.381836 5.381836 
-1.500000 -6.643555 4.500000 
-3.125977 2.500000 9.500000 
-1.346680 -6.346680 3.500000 
-2.610352 -5.500000 10.610352 
-1.346680 -6.346680 3.653320 
-2.399414 -5.399414 9.500000 
-1.612305 -6.612305 5.387695 
-2.500000 4.819336 4.500000 
-1.860352 -6.500000 6.860352 
-2.569336 -5.569336 10.500000 
-2.553711 -5.553711 10.446289 
-2.735352 -3.500000 10.735352 
-2.500000 4.713867 4.713867 
-2.391602 -5.391602 9.608398 
-2.500000 -5.500000 10.211914 
-1.600586 -6.600586 5.500000 
-0.858398 -4.858398 0.141602 
-3.014648 2.985352 8.985352 
-1.176758 -6.176758 2.823242 
-1.120117 -6.120117 2.500000 
-2.500000 -5.577148 10.422852 
-2.500000 -5.625977 10.500000 
-3.098633 0.500000 11.098633 
-2.500000 4.500000 5.290039 
-1.319336 2.680664 -0.319336 
-2.500000 4.411133 5.411133 
-2.709961 4.500000 6.500000 
-2.500000 4.370117 5.500000 
-1.004883 -6.004883 1.995117 
-2.233398 -5.500000 9.233398 
-1.500000 -6.622070 5.377930 
-2.500000 -5.500000 10.715820 
-1.797852 4.202148 1.500000 
-1.500000 3.500000 0.237305 
-1.500000 -6.610352 5.500000 
-2.836914 -1.836914 11.163086 
-2.706055 4.500000 6.706055 
-0.889648 -5.889648 1.500000 
-2.870117 4.129883 8.129883 
-0.766602 -5.500000 0.766602 
-2.500000 -5.010742 10.989258 
-1.500000 3.774414 0.500000 
-2.500000 -4.500000 10.920898 
-2.368164 4.500000 5.368164 
-2.500000 -4.129883 10.870117 
-0.772461 -5.772461 1.227539 
-2.500000 4.500000 6.159180 
-2.141602 -5.500000 9.500000 
-2.918945 2.500000 9.918945 
-2.713867 4.500000 7.500000 
-2.500000 -3.500000 10.850586 
-1.524414 -6.524414 6.475586 
-1.524414 -6.524414 6.500000 
-2.946289 1.053711 11.053711 
-1.500000 -6.522461 6.477539 
-2.500000 -3.139648 10.860352 
-1.500000 -6.522461 6.500000 
-2.500000 4.575195 6.500000 
-2.215820 4.784180 4.784180 
-2.500000 4.575195 6.575195 
-0.500977 -3.500000 -0.499023 
-0.500000 -3.500000 -0.499023 
-0.500000 -3.499023 -0.499023 
-0.499023 -3.499023 -0.499023 
-0.500977 -2.500000 -0.499023 
-0.500000 -2.500000 -0.499023 
-0.500000 -2.499023 -0.499023 
-0.499023 -2.499023 -0.499023 
-0.500977 -1.500000 -0.499023 
-0.500000 -1.500000 -0.499023 
-0.500000 -1.499023 -0.499023 
-0.499023 -1.499023 -0.499023 
-0.500000 -4.299805 -0.299805 
-0.500000 -4.500000 -0.174805 
-0.500977 -0.500000 -0.499023 
-0.500000 -0.500000 -0.499023 
-0.500000 -0.499023 -0.499023 
-0.499023 -0.499023 -0.499023 
-2.877930 1.500000 10.877930 
-2.696289 3.500000 8.696289 
-1.424805 -6.500000 6.500000 
-1.987305 5.012695 3.500000 
-1.500000 4.223633 1.223633 
-2.235352 4.500000 5.500000 
-2.625977 4.500000 7.625977 
-0.500000 -4.897461 0.102539 
-1.500000 -6.500000 6.977539 
-0.500000 -5.297852 0.500000 
-1.758789 -5.758789 8.500000 
-1.500000 4.301758 1.500000 
-2.381836 4.618164 6.500000 
-2.500000 -2.500000 11.305664 
-0.500000 -5.393555 0.606445 
-0.500000 -5.500000 0.709961 
-1.993164 5.006836 4.006836 
-2.383789 4.616211 6.616211 
-2.061523 4.938477 4.500000 
-0.500977 0.500000 -0.499023 
-0.500000 0.500000 -0.499023 
-0.500000 0.500977 -0.499023 
-0.499023 0.500977 -0.499023 
-1.135742 3.500000 0.135742 
-1.500000 -6.270508 7.500000 
-2.500000 4.588867 7.500000 
-0.500000 -5.774414 1.225586 
-2.500000 4.584961 7.584961 
-2.500000 -1.653320 11.346680 
-2.500000 4.500000 7.704102 
-1.500000 -6.268555 7.731445 
-0.311523 -4.311523 -0.311523 
-0.403320 -5.403320 0.596680 
-2.690430 2.309570 10.309570 
-2.500000 -1.500000 11.375977 
-1.500000 4.500000 2.010742 
-0.500000 -5.924805 1.500000 
-2.500000 4.172852 8.172852 
-2.500000 3.606445 8.606445 
-2.500000 3.778320 8.500000 
-2.586914 -0.500000 11.500000 
-2.370117 -2.500000 11.370117 
-2.559570 -0.559570 11.500000 
-0.500000 -6.073242 1.926758 
-2.500000 3.500000 8.885742 
-0.327148 -5.327148 0.500000 
-1.375977 -6.375977 7.500000 
-2.610352 0.389648 11.389648 
-1.719727 -5.719727 9.280273 
-0.729492 -6.500000 3.729492 
-1.098633 3.901367 0.500000 
-2.389648 4.610352 7.610352 
-2.526367 -0.500000 11.526367 
-2.407227 -1.500000 11.407227 
-2.500000 -0.678711 11.500000 
-2.500000 3.256836 9.256836 
-0.500977 1.500000 -0.499023 
-0.500000 1.500000 -0.499023 
-0.500000 1.500977 -0.499023 
-0.499023 1.500977 -0.499023 
-2.092773 -4.092773 10.907227 
-2.350586 4.649414 7.500000 
-1.500000 4.762695 2.500000 
-2.500000 -0.500000 11.536133 
-2.010742 -5.500000 11.010742 
-2.500000 -0.454102 11.545898 
-2.500000 3.127930 9.500000 
-0.500000 -6.219727 2.500000 
-1.500000 -5.997070 8.500000 
-1.319336 -6.319336 7.680664 
-2.500000 -0.061523 11.500000 
-0.500000 -6.291992 2.708008 
-2.500000 2.874023 9.874023 
-2.500000 2.500000 10.190430 
-2.500000 0.403320 11.403320 
-2.500000 0.500000 11.395508 
-2.500000 2.372070 10.372070 
-2.065430 -3.500000 11.065430 
-2.500000 2.247070 10.500000 
-1.500000 4.932617 2.932617 
-2.299805 -1.500000 11.500000 
-1.620117 -5.620117 9.500000 
-2.500000 1.166992 11.166992 
-2.200195 -2.500000 11.500000 
-2.403320 -0.403320 11.596680 
-2.500000 1.500000 11.088867 
-2.500000 1.877930 10.877930 
-0.651367 -6.651367 4.348633 
-2.430664 0.500000 11.430664 
-1.500000 -5.799805 9.200195 
-0.500000 -6.434570 3.500000 
-0.647461 -6.647461 4.500000 
-2.174805 -2.174805 11.500000 
-0.500000 -6.434570 3.565430 
-2.266602 3.733398 8.733398 
-0.500000 -6.500000 3.618164 
-0.500977 2.500000 -0.499023 
-0.500000 2.500000 -0.499023 
-0.500000 2.500977 -0.499023 
-0.499023 2.500977 -0.499023 
-1.887695 -4.887695 11.112305 
-0.450195 -6.450195 3.500000 
-0.448242 -6.448242 3.551758 
-1.500000 -5.629883 9.500000 
-1.500000 5.139648 3.500000 
-2.180664 -1.180664 11.500000 
-2.317383 2.500000 10.317383 
-1.610352 -5.610352 10.389648 
-0.500000 -6.637695 4.362305 
-0.223633 -6.223633 2.500000 
-1.608398 -5.608398 10.500000 
-0.500000 -6.635742 4.500000 
0.088867 -4.911133 0.088867 
-1.184570 4.815430 2.500000 
-0.622070 -6.622070 5.377930 
-1.500000 5.155273 4.155273 
-0.618164 -6.618164 5.500000 
-0.196289 -6.196289 2.803711 
-1.500000 5.102539 4.500000 
-2.202148 0.500000 11.500000 
-1.500000 -5.602539 10.397461 
0.188477 -4.500000 -0.188477 
-1.500000 -5.600586 10.500000 
-2.229492 1.500000 11.229492 
-2.043945 3.500000 9.043945 
-1.500000 4.942383 4.942383 
-1.549805 -4.500000 10.549805 
-0.500000 3.500000 0.112305 
-1.967773 4.500000 7.967773 
-0.012695 -6.012695 1.987305 
-0.500000 -6.610352 5.389648 
-1.051758 -6.051758 8.500000 
-0.500000 -6.608398 5.500000 
0.090820 -5.909180 1.500000 
-1.500000 -4.500000 10.545898 
-1.500000 -4.461914 10.538086 
-2.137695 2.500000 10.500000 
-1.500000 4.782227 5.500000 
-1.477539 -4.477539 10.522461 
-1.500000 -5.500000 11.008789 
0.209961 -5.500000 0.790039 
-1.450195 -4.500000 10.500000 
-1.500000 -5.010742 10.989258 
-0.500000 3.977539 0.500000 
-1.868164 4.131836 8.500000 
-1.500000 4.938477 5.938477 
0.237305 -5.762695 1.237305 
-1.983398 3.016602 10.016602 
-1.688477 -2.688477 11.500000 
-0.500000 -6.500000 6.309570 
-1.829102 -1.500000 11.829102 
-0.500000 -6.440430 6.500000 
-0.969727 5.030273 3.030273 
-1.999023 2.000977 11.000977 
-1.500000 -3.500000 11.157227 
-0.500000 -6.368164 6.631836 
-1.666992 -2.500000 11.666992 
0.499023 -3.500000 -0.499023 
0.500000 -3.500000 -0.499023 
0.500000 -3.499023 -0.499023 
0.500977 -3.499023 -0.499023 
0.499023 -2.500000 -0.499023 
0.500000 -2.500000 -0.499023 
0.500000 -2.499023 -0.499023 
0.500977 -2.499023 -0.499023 
0.499023 -1.500000 -0.499023 
0.500000 -1.500000 -0.499023 
0.500000 -1.499023 -0.499023 
0.500977 -1.499023 -0.499023 
-1.500000 4.934570 6.500000 
0.500000 -4.307617 -0.307617 
0.499023 -0.500000 -0.499023 
-0.436523 -6.436523 6.500000 
0.500000 -4.500000 -0.172852 
0.500000 -0.500000 -0.499023 
0.500000 -0.499023 -0.499023 
0.500977 -0.499023 -0.499023 
-0.434570 -6.434570 6.565430 
-1.821289 -0.500000 11.821289 
0.500000 -4.895508 0.104492 
-0.569336 4.500000 1.569336 
-1.690430 4.309570 8.309570 
-0.540039 4.459961 1.459961 
-0.540039 4.459961 1.500000 
-1.786133 3.500000 9.500000 
0.500000 -5.272461 0.500000 
-0.500000 4.450195 1.450195 
0.500000 -5.387695 0.612305 
-0.500000 4.450195 1.500000 
-1.500000 -2.680664 11.500000 
-1.500000 5.010742 7.010742 
-0.500000 4.500000 1.528320 
0.499023 0.500000 -0.499023 
0.500000 0.500000 -0.499023 
0.500000 0.500977 -0.499023 
0.500977 0.500977 -0.499023 
-0.500000 -6.456055 7.500000 
0.500000 -5.500000 0.895508 
-0.112305 3.500000 0.112305 
-0.500000 -6.450195 7.549805 
0.108398 -6.500000 3.891602 
-1.155273 -5.155273 10.844727 
-1.500000 -2.500000 11.731445 
-1.500000 4.836914 7.500000 
-0.790039 -5.790039 9.209961 
0.500000 -5.713867 1.286133 
-1.065430 -5.065430 10.500000 
-0.442383 -6.442383 7.500000 
-1.500000 4.698242 7.698242 
-0.827148 -5.827148 9.500000 
-1.750977 0.500000 11.750977 
0.500000 -5.782227 1.500000 
-1.760742 2.500000 10.760742 
-1.500000 4.500000 8.096680 
-1.657227 3.500000 9.657227 
-1.500000 4.024414 8.500000 
-1.500000 4.311523 8.311523 
0.733398 -4.266602 -0.266602 
0.643555 -5.356445 0.643555 
-0.788086 5.211914 3.500000 
-1.500000 -1.971680 12.028320 
-0.983398 5.016602 5.016602 
-1.500000 3.854492 8.854492 
0.500000 -5.889648 2.110352 
0.499023 1.500000 -0.499023 
-0.500000 4.754883 2.500000 
0.500000 1.500000 -0.499023 
0.500000 1.500977 -0.499023 
0.500977 1.500977 -0.499023 
-1.172852 -3.500000 11.172852 
-0.055664 3.944336 0.500000 
-1.500000 -1.088867 11.911133 
-1.500000 -1.500000 12.106445 
-0.864258 -4.864258 10.135742 
-0.500000 -6.020508 8.500000 
0.500000 -5.936523 2.500000 
-1.311523 4.688477 7.688477 
-1.500000 3.600586 9.500000 
-1.500000 -0.500000 11.930664 
-0.805664 5.194336 4.500000 
0.026367 -6.500000 5.973633 
-1.500000 3.602539 9.602539 
0.500000 -6.081055 2.918945 
0.276367 -6.500000 4.500000 
0.817383 -5.182617 0.500000 
-1.500000 3.500000 9.813477 
-0.743164 5.256836 4.256836 
-1.500000 -0.061523 11.938477 
-0.500000 5.065430 3.065430 
-1.545898 1.454102 11.454102 
-1.500000 3.208008 10.208008 
-0.500000 -5.817383 9.182617 
-1.500000 0.500000 11.854492 
0.469727 2.500000 -0.469727 
-0.885742 5.114258 5.500000 
-0.754883 -5.500000 10.500000 
-1.500000 0.737305 11.737305 
-1.500000 2.641602 10.641602 
0.315430 -6.500000 4.684570 
-1.500000 2.881836 10.500000 
-1.190430 4.809570 7.500000 
-1.500000 2.500000 10.768555 
0.500000 -6.276367 3.500000 
-1.500000 2.073242 11.073242 
-1.500000 1.444336 11.444336 
-1.500000 1.500000 11.424805 
-1.500000 1.379883 11.500000 
-0.200195 -6.200195 7.799805 
0.500000 -6.362305 3.637695 
0.500000 2.500000 -0.459961 
-0.500000 -5.805664 9.500000 
0.500000 2.594727 -0.405273 
-0.500000 5.215820 3.500000 
-1.358398 3.641602 9.641602 
-1.442383 1.500000 11.442383 
0.938477 -5.500000 1.061523 
1.077148 -4.500000 -0.077148 
-0.500000 -5.141602 9.858398 
0.500000 -6.481445 4.500000 
0.500000 -6.481445 4.518555 
-1.200195 -1.500000 12.200195 
-1.333008 2.666992 10.666992 
-0.168945 4.831055 2.500000 
0.520508 -6.479492 4.500000 
-0.500000 -5.500000 10.124023 
0.520508 -6.479492 4.520508 
-1.051758 4.500000 8.051758 
-0.500000 5.270508 4.270508 
-0.946289 5.053711 7.053711 
0.668945 -6.331055 3.668945 
0.500000 -6.500000 4.799805 
-1.209961 3.790039 9.500000 
-0.500000 5.198242 4.500000 
0.721680 -6.278320 3.500000 
-0.858398 -2.858398 11.500000 
-1.065430 3.934570 8.934570 
1.172852 -4.827148 0.172852 
-0.799805 5.200195 6.500000 
0.471680 -6.528320 5.471680 
0.500000 3.500000 0.161133 
-0.500000 -4.500000 10.403320 
0.473633 -6.526367 5.500000 
0.500000 -6.526367 5.473633 
-0.500000 -4.418945 10.500000 
-0.725586 5.274414 6.274414 
0.500000 -6.524414 5.500000 
-0.500000 5.129883 5.129883 
0.500000 -6.500000 5.514648 
-1.190430 0.809570 11.809570 
-1.116211 -0.500000 12.116211 
-0.458008 -4.500000 10.458008 
-0.874023 -2.500000 11.874023 
0.528320 -6.500000 5.500000 
-0.500000 5.133789 5.500000 
-0.428711 -4.428711 10.500000 
0.036133 -5.963867 8.500000 
0.500000 3.897461 0.500000 
-0.852539 4.147461 8.500000 
0.987305 -6.012695 2.987305 
-1.018555 3.500000 10.018555 
0.500000 -6.258789 6.500000 
-0.500000 -3.500000 11.254883 
1.149414 -5.850586 2.500000 
0.500000 -6.235352 6.764648 
-0.500000 5.276367 6.276367 
1.499023 -3.500000 -0.499023 
0.075195 5.075195 3.075195 
1.500000 -3.500000 -0.499023 
1.500000 -3.499023 -0.499023 
1.500977 -3.499023 -0.499023 
-0.952148 0.500000 11.952148 
1.499023 -2.500000 -0.499023 
1.500000 -2.500000 -0.499023 
1.500000 -2.499023 -0.499023 
1.500977 -2.499023 -0.499023 
-0.500000 5.215820 6.500000 
1.500000 -4.192383 -0.192383 
0.784180 3.500000 0.215820 
-0.686523 4.313477 8.313477 
0.440430 4.500000 1.500000 
1.499023 -1.500000 -0.499023 
-0.936523 3.063477 10.500000 
1.500000 -1.500000 -0.499023 
1.500000 -1.499023 -0.499023 
1.500977 -1.499023 -0.499023 
1.500000 -4.500000 0.018555 
-0.500000 -3.096680 11.500000 
0.041992 -5.500000 9.500000 
1.500000 -4.774414 0.225586 
1.344727 -5.500000 1.655273 
1.272461 -5.727539 2.272461 
1.372070 -5.500000 1.500000 
1.499023 -0.500000 -0.499023 
1.500000 -0.500000 -0.499023 
1.500000 -0.499023 -0.499023 
1.500977 -0.499023 -0.499023 
0.500000 4.500000 1.463867 
1.500000 -5.000977 0.500000 
0.500000 4.506836 1.500000 
0.500000 4.506836 1.506836 
-0.877930 2.122070 11.122070 
-0.872070 2.500000 10.872070 
0.506836 4.506836 1.500000 
0.506836 4.506836 1.506836 
-0.500000 5.106445 7.106445 
-0.848633 0.151367 12.151367 
0.530273 4.500000 1.469727 
0.500000 -6.198242 7.500000 
0.530273 4.500000 1.500000 
1.500000 -5.141602 0.858398 
0.932617 -6.500000 5.067383 
-0.756836 -0.756836 12.243164 
0.135742 5.135742 3.500000 
-0.500000 4.899414 7.500000 
0.821289 3.821289 0.500000 
0.500000 -6.213867 7.786133 
-0.500000 4.745117 7.745117 
1.499023 0.500000 -0.499023 
1.500000 0.500000 -0.499023 
1.500000 0.500977 -0.499023 
1.500977 0.500977 -0.499023 
-0.500000 4.280273 8.280273 
-0.500000 4.500000 8.110352 
1.500000 -5.434570 1.500000 
1.500000 -5.428711 1.571289 
-0.500000 4.127930 8.500000 
-0.500000 -2.500000 12.172852 
1.204102 2.500000 -0.204102 
0.743164 -6.256836 6.743164 
-0.233398 -3.500000 11.233398 
1.500000 -5.500000 1.844727 
0.807617 -6.192383 6.500000 
-0.602539 -1.602539 12.500000 
-0.606445 -1.500000 12.500000 
-0.676758 1.323242 11.500000 
0.500000 4.817383 2.500000 
-0.663086 3.336914 10.336914 
1.588867 -5.411133 1.588867 
1.500000 -5.692383 2.307617 
-0.583008 -1.500000 12.583008 
0.147461 5.147461 4.500000 
0.500000 -5.864258 8.500000 
0.194336 5.194336 4.194336 
-0.500000 4.053711 9.053711 
-0.500000 -2.086914 12.500000 
1.499023 1.500000 -0.499023 
1.500000 1.500000 -0.499023 
1.500000 1.500977 -0.499023 
1.500977 1.500977 -0.499023 
1.500000 -5.754883 2.500000 
1.633789 -5.366211 1.500000 
-0.500000 -0.805664 12.194336 
-0.500000 -0.500000 12.088867 
-0.278320 4.721680 7.721680 
-0.565430 1.434570 11.434570 
0.500000 4.971680 2.971680 
-0.500000 3.979492 9.500000 
-0.370117 -2.500000 12.370117 
0.129883 5.129883 5.129883 
-0.141602 -3.141602 11.500000 
1.500000 -5.946289 3.053711 
-0.500000 -1.083008 12.500000 
-0.500000 3.754883 9.754883 
-0.500000 -1.500000 12.739258 
1.879883 -4.120117 -0.120117 
1.866211 -4.500000 0.133789 
0.176758 -4.500000 10.500000 
0.500000 -5.500000 9.073242 
-0.500000 1.196289 11.500000 
-0.500000 1.420898 11.420898 
0.831055 -6.168945 7.500000 
-0.500000 1.500000 11.393555 
-0.500000 3.500000 10.161133 
-0.500000 0.500000 11.950195 
0.127930 5.127930 5.500000 
-0.500000 0.821289 11.821289 
-0.500000 2.106445 11.106445 
-0.500000 3.336914 10.336914 
-0.500000 2.500000 10.893555 
1.500000 -6.077148 3.500000 
-0.500000 2.752930 10.752930 
-0.500000 -1.145508 12.854492 
-0.500000 0.208008 12.208008 
-0.500000 3.180664 10.500000 
0.500000 5.122070 3.500000 
0.500000 -5.323242 9.500000 
-0.120117 4.879883 7.500000 
1.500000 -6.137695 3.862305 
1.500000 2.500000 -0.098633 
0.125977 5.125977 6.125977 
0.778320 4.778320 2.500000 
-0.356445 1.500000 11.356445 
0.500000 5.120117 4.120117 
1.963867 -5.036133 0.963867 
1.500000 -6.331055 4.500000 
0.051758 5.051758 7.051758 
0.500000 5.040039 4.500000 
1.500000 -6.325195 4.674805 
0.418945 -4.581055 10.500000 
0.500000 -4.805664 10.194336 
0.182617 5.182617 6.500000 
-0.270508 3.500000 10.270508 
1.918945 -5.500000 2.081055 
-0.254883 2.745117 10.745117 
0.500000 5.038086 5.038086 
-0.133789 -0.133789 11.866211 
0.877930 4.877930 2.877930 
0.086914 4.500000 7.913086 
0.499023 -4.500000 10.500977 
0.500000 -4.502930 10.500000 
0.500000 -4.500000 10.500977 
-0.170898 3.829102 9.829102 
-0.116211 -0.500000 12.116211 
0.500000 -4.397461 10.602539 
1.500000 -6.133789 5.500000 
1.495117 3.500000 0.500000 
1.497070 3.497070 0.500000 
1.500000 3.495117 0.500000 
1.499023 3.500000 0.500977 
1.500000 3.500000 0.502930 
0.500000 5.036133 5.500000 
1.170898 4.500000 1.829102 
0.569336 -4.430664 10.569336 
1.690430 -6.309570 4.690430 
2.293945 -3.500000 -0.293945 
1.500000 -6.096680 5.903320 
-0.118164 0.881836 11.881836 
-0.020508 3.979492 9.500000 
1.758789 -6.241211 4.500000 
1.334961 4.334961 1.334961 
1.325195 4.325195 1.500000 
-0.038086 -0.500000 12.500000 
0.500000 5.108398 6.108398 
1.500000 -6.118164 6.500000 
0.713867 -4.500000 10.500000 
0.500000 -3.500000 11.274414 
1.000977 5.000977 3.500000 
1.901367 2.500000 0.098633 
0.500000 5.106445 6.500000 
0.057617 2.057617 11.057617 
0.051758 1.500000 11.500000 
1.971680 -6.028320 3.971680 
1.500000 -6.079102 6.920898 
0.500000 -3.057617 11.500000 
0.997070 4.997070 3.997070 
2.430664 -4.500000 0.500000 
1.018555 -4.981445 9.500000 
0.934570 4.934570 4.500000 
2.500000 -3.309570 -0.309570 
0.202148 4.202148 9.202148 
2.499023 -2.500000 -0.499023 
2.500000 -2.500000 -0.499023 
2.500000 -2.499023 -0.499023 
2.500977 -2.499023 -0.499023 
2.500000 -3.500000 -0.206055 
1.500000 4.315430 1.500000 
0.110352 2.500000 10.889648 
0.500000 5.028320 7.028320 
2.500000 -3.944336 0.055664 
2.108398 -5.891602 3.500000 
2.469727 -4.500000 0.530273 
2.499023 -1.500000 -0.499023 
2.500000 -1.500000 -0.499023 
2.500000 -1.499023 -0.499023 
2.500977 -1.499023 -0.499023 
2.176758 -5.823242 3.176758 
0.500000 4.762695 7.500000 
2.500000 -4.442383 0.500000 
1.500000 -6.026367 7.500000 
2.500000 -4.500000 0.551758 
0.932617 4.932617 4.932617 
0.500000 4.641602 7.641602 
2.500000 -4.446289 0.553711 
0.409180 4.409180 8.409180 
0.500000 4.500000 7.879883 
2.499023 -0.500000 -0.499023 
2.500000 -0.500000 -0.499023 
2.500000 -0.499023 -0.499023 
0.411133 4.411133 8.500000 
2.500977 -0.499023 -0.499023 
2.500000 -4.838867 1.161133 
2.561523 -4.438477 0.561523 
0.145508 -0.854492 13.145508 
1.500000 4.500000 2.225586 
0.739258 -3.500000 11.260742 
0.206055 -0.500000 12.793945 
0.930664 4.930664 5.500000 
0.500000 -2.500000 12.256836 
2.500000 -4.916992 1.500000 
0.500000 4.413086 8.413086 
0.258789 3.258789 10.500000 
2.387695 -5.612305 2.500000 
1.500000 4.528320 2.500000 
0.624023 4.624023 7.624023 
1.500000 4.526367 2.526367 
0.500000 4.395508 8.500000 
1.965820 -6.034180 5.500000 
2.032227 3.032227 0.500000 
2.499023 0.500000 -0.499023 
2.500000 0.500000 -0.499023 
2.500000 0.500977 -0.499023 
2.500977 0.500977 -0.499023 
0.405273 -1.500000 12.500000 
0.663086 4.663086 7.500000 
0.319336 3.319336 10.319336 
1.528320 4.528320 2.500000 
1.526367 4.526367 2.526367 
2.500000 -5.106445 1.893555 
2.442383 -5.557617 2.442383 
0.438477 0.500000 11.500000 
0.452148 -1.547852 12.452148 
1.489258 -5.500000 8.500000 
2.424805 1.500000 -0.424805 
1.500000 -5.500000 8.493164 
0.473633 0.473633 11.500000 
1.500000 -5.491211 8.500000 
1.504883 -5.500000 8.495117 
2.500000 -5.500000 2.315430 
1.508789 -5.491211 8.500000 
0.489258 0.489258 11.489258 
2.709961 -4.290039 0.500000 
0.500000 4.166992 9.166992 
0.500000 -1.553711 12.446289 
0.500000 -1.500000 12.424805 
0.500000 0.454102 11.500000 
2.500000 -5.536133 2.463867 
0.500000 0.487305 11.487305 
0.500000 0.500000 11.483398 
2.500000 -5.604492 2.500000 
0.520508 0.500000 11.479492 
0.989258 4.989258 5.989258 
0.500000 -1.325195 12.500000 
1.500000 -5.272461 8.727539 
1.663086 4.500000 2.336914 
0.864258 4.864258 6.864258 
0.500000 4.014648 9.500000 
0.926758 4.926758 6.500000 
2.500000 1.500000 -0.397461 
2.819336 -3.180664 -0.180664 
0.500000 1.071289 11.500000 
0.500000 2.780273 10.500000 
0.452148 1.500000 11.547852 
0.500000 3.834961 9.834961 
0.500000 3.500000 10.133789 
0.500000 2.500000 10.790039 
0.500000 0.149414 12.149414 
2.500000 -5.797852 3.202148 
0.500000 2.715820 10.715820 
2.606445 -5.500000 2.393555 
2.500000 1.737305 -0.262695 
1.997070 -6.002930 6.500000 
2.067383 -5.932617 6.067383 
0.500000 3.336914 10.336914 
1.500000 4.877930 3.500000 
0.500000 -0.381836 12.500000 
0.500000 2.143555 11.143555 
0.500000 1.500000 11.528320 
0.500000 1.524414 11.524414 
0.500000 -0.411133 12.588867 
2.122070 3.500000 0.877930 
0.500000 1.670898 11.500000 
0.518555 1.518555 11.518555 
2.500000 -5.791992 3.500000 
0.547852 1.547852 11.500000 
1.500000 4.875977 3.875977 
0.565430 1.500000 11.500000 
0.561523 -0.438477 12.561523 
1.500000 -4.952148 9.500000 
0.696289 0.500000 11.500000 
0.588867 -0.411133 12.500000 
0.500000 -0.500000 13.014648 
2.696289 -5.500000 2.500000 
2.959961 -3.500000 0.040039 
2.500000 -5.916992 4.083008 
1.500000 4.793945 4.500000 
2.899414 -4.500000 1.100586 
0.911133 -2.088867 11.911133 
2.051758 -5.948242 7.051758 
2.500000 2.500000 0.209961 
0.833008 -1.500000 12.166992 
2.500000 -5.930664 4.500000 
1.899414 4.500000 2.500000 
0.696289 -0.500000 12.500000 
1.500000 4.793945 4.793945 
2.120117 4.120117 1.500000 
0.729492 2.729492 10.729492 
1.752930 4.752930 3.500000 
2.500000 2.807617 0.500000 
0.797852 3.797852 9.797852 
1.500000 -4.500000 10.387695 
2.500000 -5.893555 5.106445 
2.110352 -5.889648 7.500000 
1.766602 4.766602 3.766602 
1.194336 -2.805664 11.500000 
1.500000 -4.420898 10.500000 
2.973633 -5.026367 1.973633 
1.500000 4.866211 5.500000 
2.500000 -5.776367 5.500000 
1.737305 4.737305 4.500000 
2.698242 2.500000 0.301758 
1.500000 4.864258 5.864258 
3.235352 -2.500000 -0.235352 
1.735352 4.735352 4.735352 
2.057617 4.500000 2.942383 
1.002930 4.002930 9.500000 
2.500000 3.500000 1.100586 
1.641602 -4.358398 10.500000 
1.084961 -0.915039 12.084961 
1.008789 3.500000 9.991211 
2.500000 -5.782227 6.217773 
2.258789 4.258789 2.258789 
1.500000 -3.500000 11.159180 
1.500000 4.784180 6.500000 
1.114258 1.114258 11.114258 
1.500000 4.676758 6.676758 
1.356445 -2.500000 11.643555 
2.500000 -5.805664 6.500000 
2.762695 2.762695 0.500000 
1.038086 3.038086 10.500000 
1.500000 4.500000 6.983398 
1.409180 4.500000 7.500000 
1.161133 4.161133 9.161133 
2.500000 3.786133 1.500000 
1.100586 0.100586 12.100586 
3.102539 -5.500000 2.897461 
3.360352 -1.500000 -0.360352 
2.323242 4.323242 2.500000 
1.612305 4.612305 6.612305 
3.383789 -3.616211 0.383789 
1.131836 0.500000 11.868164 
1.481445 4.481445 7.481445 
1.500000 -2.790039 11.500000 
1.481445 4.481445 7.500000 
3.311523 -0.500000 -0.311523 
3.217773 0.500000 -0.217773 
1.114258 2.114258 11.114258 
1.793945 4.793945 5.500000 
3.090820 1.500000 -0.090820 
1.500000 4.477539 7.477539 
1.500000 4.477539 7.500000 
3.315430 -4.500000 1.500000 
1.666992 4.666992 6.500000 
2.500000 -5.758789 7.241211 
2.036133 -4.500000 9.500000 
2.922852 2.500000 0.500000 
1.360352 4.360352 8.500000 
2.500000 3.997070 1.997070 
1.500000 -2.500000 11.639648 
1.791992 4.791992 5.791992 
1.405273 4.405273 8.405273 
2.500000 -5.663086 7.500000 
1.231445 3.231445 10.231445 
1.500000 -2.231445 11.768555 
2.721680 3.500000 1.278320 
1.231445 2.500000 10.768555 
3.500000 -2.500000 -0.065430 
3.500000 -2.905273 0.094727 
3.500000 -2.145508 -0.145508 
3.387695 -4.500000 1.612305 
2.690430 3.690430 1.500000 
3.500000 -3.573242 0.500000 
3.500000 -3.512695 0.487305 
3.500000 -3.500000 0.491211 
3.504883 -3.500000 0.495117 
3.500000 -1.500000 -0.233398 
3.514648 -3.500000 0.500000 
2.500000 4.194336 2.500000 
3.500000 -1.241211 -0.241211 
2.500000 -5.500000 7.854492 
1.500000 4.377930 8.377930 
1.622070 -2.377930 11.622070 
1.500000 4.325195 8.500000 
3.500000 -3.928711 1.071289 
1.500000 -1.500000 11.922852 
2.342773 4.500000 3.500000 
1.500000 -1.186523 11.813477 
2.334961 4.500000 3.665039 
2.737305 3.737305 1.737305 
2.963867 2.963867 0.963867 
3.500000 -0.500000 -0.098633 
3.500000 -4.192383 1.500000 
1.500000 -0.500000 11.725586 
3.604492 -3.395508 0.500000 
3.500000 -4.311523 1.688477 
2.424805 4.424805 3.424805 
2.418945 4.418945 3.500000 
1.500000 4.098633 9.098633 
1.500000 -0.254883 11.745117 
3.500000 -4.500000 1.881836 
3.500000 -0.045898 -0.045898 
1.500000 1.500000 10.879883 
1.500000 3.725586 9.500000 
1.500000 1.782227 10.782227 
2.500000 -5.081055 8.500000 
2.500000 4.323242 3.323242 
1.500000 3.651367 9.651367 
3.342773 -5.500000 3.500000 
3.500000 -4.784180 2.215820 
2.301758 4.500000 4.500000 
3.325195 -5.500000 3.674805 
1.500000 0.500000 11.616211 
1.500000 0.581055 11.581055 
1.500000 3.500000 9.829102 
1.500000 0.758789 11.500000 
3.055664 -5.500000 5.500000 
1.500000 2.540039 10.500000 
2.500000 4.342773 3.500000 
1.500000 3.131836 10.131836 
1.500000 2.540039 10.540039 
3.500000 0.500000 -0.004883 
1.500000 1.288086 11.288086 
2.293945 4.500000 4.706055 
3.500000 -4.989258 2.500000 
3.184570 -5.500000 4.815430 
1.995117 -3.500000 11.004883 
3.237305 -5.500000 4.500000 
1.500000 2.500000 10.651367 
1.530273 2.530273 10.500000 
3.252930 2.252930 0.500000 
1.532227 2.532227 10.532227 
1.571289 0.500000 11.500000 
2.954102 3.500000 1.500000 
1.641602 -0.358398 11.641602 
3.500000 -5.202148 2.797852 
2.032227 4.500000 6.500000 
1.577148 0.577148 11.577148 
3.500000 1.026367 0.026367 
2.807617 -5.500000 7.500000 
3.075195 -5.500000 5.924805 
1.620117 3.620117 9.620117 
2.428711 4.428711 4.428711 
2.500000 -4.500000 9.016602 
2.426758 4.426758 4.500000 
1.762695 -1.237305 11.762695 
2.848633 3.848633 2.500000 
3.022461 -5.500000 6.500000 
1.678711 3.678711 9.500000 
1.643555 2.500000 10.500000 
3.295898 2.500000 0.704102 
3.811523 -2.500000 0.188477 
1.659180 0.659180 11.500000 
3.500000 -5.409180 3.500000 
2.500000 4.387695 4.387695 
3.500000 1.500000 0.174805 
3.500000 -5.401367 3.598633 
2.965820 -5.500000 7.034180 
2.500000 4.385742 4.500000 
3.135742 3.135742 1.500000 
2.500000 -4.182617 9.500000 
2.868164 3.868164 2.868164 
1.838867 -0.500000 11.500000 
1.821289 -0.178711 11.500000 
2.024414 -2.500000 11.500000 
3.500000 1.934570 0.500000 
3.110352 3.500000 1.889648 
2.409180 4.500000 5.500000 
3.870117 -3.500000 1.129883 
1.901367 3.901367 8.901367 
2.405273 4.500000 5.594727 
3.788086 -4.500000 2.211914 
3.915039 -1.500000 0.084961 
3.500000 -5.323242 4.500000 
2.500000 -4.028320 9.971680 
1.877930 3.500000 9.500000 
2.467773 4.467773 5.467773 
1.833008 1.833008 10.833008 
2.467773 4.467773 5.500000 
3.864258 -0.500000 0.135742 
2.346680 4.346680 6.346680 
3.500000 -5.305664 4.694336 
3.782227 0.500000 0.217773 
2.500000 4.450195 5.450195 
2.500000 4.448242 5.500000 
2.344727 4.344727 6.500000 
3.875977 -4.124023 1.875977 
2.243164 4.243164 7.243164 
1.924805 2.924805 9.924805 
3.500000 2.500000 0.850586 
3.696289 1.500000 0.303711 
2.219727 4.219727 7.500000 
3.948242 -3.500000 1.500000 
2.956055 3.956055 3.500000 
2.500000 -3.858398 10.500000 
1.922852 1.500000 11.077148 
2.098633 4.098633 8.500000 
2.159180 4.159180 8.159180 
3.208008 3.500000 2.500000 
2.301758 -2.698242 11.301758 
2.500000 4.258789 6.258789 
2.944336 3.944336 3.944336 
3.500000 -5.073242 5.500000 
2.500000 4.229492 6.500000 
2.500000 -3.500000 10.805664 
4.110352 -2.500000 0.500000 
3.756836 1.756836 0.500000 
3.006836 -4.500000 8.500000 
3.500000 -5.145508 5.854492 
3.500000 2.952148 1.500000 
2.928711 3.928711 4.500000 
2.198242 -0.801758 11.500000 
3.348633 3.348633 2.348633 
2.094727 1.094727 11.094727 
3.344727 3.344727 2.500000 
3.141602 -4.858398 8.141602 
3.297852 3.500000 2.702148 
3.860352 1.500000 0.500000 
4.026367 -4.500000 2.500000 
2.969727 -4.030273 8.969727 
2.500000 -2.901367 11.098633 
2.137695 2.137695 10.500000 
2.500000 4.151367 7.151367 
2.217773 0.217773 11.217773 
3.500000 -5.219727 6.500000 
2.233398 3.233398 9.500000 
2.500000 4.151367 7.500000 
3.500000 3.184570 2.184570 
2.967773 3.967773 4.967773 
3.999023 0.999023 0.500000 
2.500000 -2.500000 11.319336 
4.069336 0.500000 0.500000 
3.500000 -5.202148 6.797852 
2.401367 -1.500000 11.500000 
4.264648 -2.500000 0.735352 
3.770508 2.500000 1.229492 
4.135742 0.135742 0.500000 
2.333008 3.333008 9.333008 
2.284180 2.284180 10.284180 
3.500000 3.282227 2.500000 
3.719727 2.719727 1.500000 
2.385742 -0.614258 11.385742 
2.459961 -1.540039 11.459961 
2.954102 3.954102 5.500000 
2.461914 -1.538086 11.500000 
3.916992 1.916992 0.916992 
4.249023 -3.500000 1.750977 
2.500000 4.073242 8.073242 
3.356445 3.500000 3.500000 
2.500000 -1.600586 11.399414 
2.500000 -1.500000 11.391602 
3.350586 3.500000 3.649414 
4.182617 -4.500000 2.817383 
2.500000 3.616211 8.616211 
2.500000 3.844727 8.500000 
2.942383 3.942383 5.942383 
3.426758 3.426758 3.426758 
3.500000 -5.043945 7.500000 
3.424805 3.424805 3.500000 
2.877930 -3.500000 10.500000 
2.500000 -0.690430 11.309570 
4.370117 -1.500000 0.500000 
2.813477 -3.186523 10.813477 
2.500000 2.584961 9.584961 
2.500000 -0.500000 11.317383 
2.500000 3.500000 8.977539 
2.500000 2.840820 9.500000 
3.500000 3.346680 3.346680 
2.500000 0.106445 11.106445 
2.500000 3.245117 9.245117 
4.407227 -1.592773 0.500000 
4.336914 -0.500000 0.500000 
2.592773 3.592773 8.592773 
2.500000 2.500000 9.840820 
3.500000 3.338867 3.500000 
2.553711 2.553711 9.553711 
4.358398 -0.641602 0.500000 
2.500000 0.500000 11.047852 
3.817383 2.817383 1.817383 
2.500000 1.555664 10.500000 
3.065430 -3.500000 9.934570 
2.500000 2.178711 10.178711 
2.500000 1.555664 10.555664 
3.922852 2.500000 1.500000 
4.254883 0.500000 0.745117 
4.131836 1.500000 0.868164 
2.500000 1.500000 10.653320 
4.446289 -1.500000 0.553711 
2.534180 1.534180 10.500000 
2.500000 0.989258 10.989258 
2.534180 1.534180 10.534180 
2.977539 3.977539 6.500000 
3.182617 -3.500000 9.500000 
3.500000 -4.500000 8.116211 
2.643555 2.500000 9.500000 
2.682617 3.682617 8.500000 
3.405273 3.500000 4.500000 
4.416992 -0.500000 0.583008 
3.432617 3.432617 4.432617 
3.401367 3.500000 4.598633 
2.590820 1.500000 10.500000 
4.500000 -2.108398 0.891602 
4.500000 -1.500000 0.612305 
4.069336 -4.500000 4.930664 
4.500000 -1.379883 0.620117 
2.661133 2.661133 9.500000 
4.500000 -2.500000 1.258789 
3.450195 3.450195 4.500000 
4.500000 -2.592773 1.407227 
4.500000 -2.770508 1.500000 
3.500000 3.375977 4.375977 
3.866211 2.866211 2.500000 
3.500000 3.360352 4.500000 
3.500000 -3.903320 8.500000 
4.500000 -3.500000 2.122070 
4.500000 -0.500000 0.635742 
4.209961 -4.500000 4.500000 
4.124023 2.124023 1.500000 
4.500000 -0.401367 0.598633 
4.545898 -2.500000 1.454102 
4.541992 -2.500000 1.500000 
3.354492 3.500000 5.500000 
3.020508 4.020508 7.020508 
4.500000 -2.930664 2.069336 
4.500000 -3.663086 2.336914 
3.500000 -3.500000 8.608398 
4.500000 -3.899414 2.500000 
3.346680 3.500000 5.653320 
4.088867 -4.500000 5.500000 
2.963867 3.963867 7.500000 
4.391602 -4.500000 3.500000 
2.905273 3.905273 7.905273 
4.387695 -4.500000 3.612305 
4.065430 2.500000 1.934570 
2.911133 -1.500000 11.088867 
4.579102 -2.420898 1.579102 
3.424805 3.424805 5.424805 
4.588867 -2.411133 1.500000 
4.500000 -4.188477 2.811523 
3.422852 3.422852 5.500000 
3.909180 2.909180 2.909180 
2.846680 -0.500000 11.153320 
3.565430 -3.434570 8.565430 
3.500000 3.344727 5.344727 
3.606445 -3.500000 8.500000 
4.108398 -4.500000 5.891602 
4.500000 0.500000 0.920898 
2.944336 3.500000 8.500000 
3.500000 3.334961 5.500000 
3.893555 2.893555 3.500000 
4.500000 -4.334961 3.500000 
4.620117 -3.500000 2.379883 
4.379883 1.379883 1.379883 
2.842773 0.842773 10.842773 
4.360352 1.500000 1.500000 
3.067383 -1.932617 11.067383 
4.375977 1.375977 1.500000 
3.659180 -3.340820 8.500000 
4.500000 -4.301758 3.698242 
2.985352 2.985352 8.985352 
2.961914 -0.038086 10.961914 
3.036133 -0.963867 11.036133 
3.500000 -3.045898 9.500000 
3.954102 -4.500000 7.500000 
4.415039 1.500000 1.584961 
2.975586 1.975586 9.975586 
4.750977 -1.500000 1.249023 
4.198242 2.500000 2.500000 
3.934570 2.934570 3.934570 
4.500000 1.135742 1.500000 
4.715820 -3.500000 2.500000 
3.340820 -2.659180 10.500000 
3.926758 -4.073242 7.926758 
3.887695 2.887695 4.500000 
4.500000 -4.067383 4.500000 
3.497070 3.500000 6.500000 
3.497070 3.500000 6.502930 
4.311523 2.311523 2.311523 
3.182617 2.182617 9.182617 
3.499023 3.499023 6.499023 
3.499023 3.499023 6.500000 
4.219727 -4.500000 6.500000 
3.500000 3.497070 6.497070 
3.500000 3.497070 6.500000 
4.500000 1.500000 1.752930 
4.305664 2.305664 2.500000 
4.809570 -1.500000 1.500000 
4.190430 -4.500000 6.809570 
3.206055 3.206055 8.500000 
3.416992 -2.500000 10.500000 
3.438477 -2.561523 10.438477 
3.155273 1.155273 10.155273 
4.268555 2.500000 2.731445 
3.102539 1.102539 10.500000 
3.172852 2.172852 9.500000 
3.907227 2.907227 4.907227 
4.838867 -2.500000 2.161133 
4.500000 -3.903320 5.096680 
3.500000 -2.500000 10.401367 
3.303711 3.303711 8.303711 
3.444336 3.500000 7.500000 
4.877930 -0.500000 1.122070 
3.442383 3.500000 7.557617 
3.500000 -2.297852 10.500000 
3.469727 3.469727 7.469727 
3.467773 3.467773 7.500000 
4.500000 -3.967773 5.500000 
4.807617 0.500000 1.192383 
3.500000 3.426758 7.426758 
3.500000 3.415039 7.500000 
4.918945 -3.081055 2.500000 
4.500000 2.022461 2.500000 
3.944336 2.944336 5.500000 
4.500000 -4.018555 5.981445 
4.971680 -1.028320 1.500000 
4.338867 2.500000 3.500000 
4.331055 2.500000 3.668945 
3.500000 -1.500000 10.780273 
3.500000 3.170898 8.170898 
4.971680 -2.500000 2.500000 
3.500000 2.776367 8.500000 
3.500000 2.016602 9.016602 
3.500000 -1.221680 10.778320 
4.973633 -3.500000 3.026367 
4.856445 0.856445 1.500000 
3.852539 -2.500000 9.500000 
4.416992 2.416992 3.416992 
3.500000 2.688477 8.688477 
3.500000 2.500000 8.819336 
4.041992 -2.500000 8.500000 
4.415039 2.415039 3.500000 
4.500000 -4.061523 6.500000 
5.032227 -1.500000 1.967773 
3.500000 0.946289 9.946289 
4.159180 -2.840820 8.159180 
3.500000 1.729492 9.500000 
3.817383 -2.182617 9.817383 
3.989258 -2.500000 9.010742 
3.500000 -0.500000 10.752930 
4.288086 2.500000 4.500000 
3.983398 2.983398 5.983398 
4.813477 -3.500000 4.500000 
4.500000 2.327148 3.327148 
3.500000 1.674805 9.674805 
3.500000 1.500000 9.786133 
3.475586 0.475586 10.500000 
4.276367 2.500000 4.723633 
3.481445 0.500000 10.500000 
4.709961 1.709961 2.500000 
3.500000 -0.198242 10.801758 
4.500000 2.317383 3.500000 
3.637695 -1.362305 10.637695 
3.493164 0.493164 10.493164 
4.977539 0.500000 1.500000 
4.997070 -3.500000 3.500000 
3.500000 0.446289 10.500000 
3.500000 0.491211 10.491211 
3.500000 0.500000 10.495117 
3.618164 2.618164 8.618164 
4.793945 1.500000 2.206055 
5.081055 -0.500000 1.500000 
4.389648 2.389648 4.389648 
5.051758 0.051758 1.500000 
4.952148 -3.500000 4.047852 
4.387695 2.387695 4.500000 
3.674805 2.674805 8.500000 
3.602539 1.602539 9.602539 
4.438477 -3.561523 7.500000 
4.430664 -3.500000 7.569336 
4.825195 -3.500000 5.174805 
3.760742 -1.500000 10.500000 
4.020508 3.020508 6.500000 
4.463867 -3.536133 7.463867 
4.500000 2.213867 4.213867 
3.956055 2.956055 6.956055 
3.825195 2.825195 7.825195 
3.657227 -0.342773 10.657227 
4.475586 -3.500000 7.500000 
3.889648 2.889648 7.500000 
5.155273 -1.844727 2.500000 
4.983398 0.983398 1.983398 
3.778320 -1.221680 10.500000 
4.500000 -3.500000 7.438477 
4.500000 2.182617 4.500000 
4.500000 -3.459961 7.500000 
3.692383 1.692383 9.500000 
5.176758 -0.500000 1.823242 
4.852539 -3.500000 5.500000 
4.073242 -1.926758 9.500000 
5.219727 -2.500000 2.780273 
3.825195 2.500000 8.500000 
3.840820 1.840820 8.840820 
3.797852 0.797852 9.797852 
4.370117 2.500000 5.500000 
4.862305 1.862305 2.862305 
4.782227 1.782227 3.500000 
4.760742 -3.500000 6.500000 
5.227539 -0.772461 2.227539 
5.165039 0.500000 1.834961 
5.249023 -1.500000 2.500000 
4.387695 2.500000 5.612305 
4.770508 1.770508 3.770508 
3.842773 -0.500000 10.500000 
4.500000 2.213867 5.213867 
4.440430 2.440430 5.440430 
4.500000 -2.500000 7.850586 
4.436523 2.436523 5.500000 
4.002930 2.500000 7.997070 
5.010742 1.500000 2.500000 
4.069336 -1.500000 9.930664 
3.866211 1.500000 9.500000 
4.889648 -3.500000 6.110352 
4.237305 -1.762695 9.237305 
4.500000 2.346680 5.500000 
4.198242 -1.500000 9.500000 
5.321289 -1.500000 2.678711 
4.936523 1.500000 3.500000 
3.907227 -0.092773 10.500000 
5.249023 0.249023 2.249023 
5.133789 1.133789 2.500000 
5.208008 0.500000 2.500000 
4.081055 -0.918945 10.081055 
4.647461 -2.352539 7.647461 
5.057617 1.500000 2.942383 
4.383789 2.500000 6.500000 
4.795898 1.795898 4.500000 
4.084961 2.084961 8.500000 
5.338867 -2.661133 3.500000 
5.358398 -2.641602 3.358398 
5.258789 0.258789 2.500000 
4.375977 2.500000 6.624023 
4.233398 2.500000 7.500000 
5.340820 -0.500000 2.500000 
5.219727 0.500000 2.780273 
4.440430 2.440430 6.440430 
5.366211 -0.633789 2.500000 
5.116211 1.116211 3.116211 
4.500000 -1.737305 8.500000 
4.438477 2.438477 6.500000 
4.178711 2.178711 8.178711 
4.061523 0.061523 10.061523 
4.745117 -2.500000 7.500000 
4.969727 1.500000 4.030273 
4.307617 2.307617 7.500000 
4.500000 2.375977 6.375977 
4.913086 -3.086914 6.913086 
4.834961 1.834961 4.834961 
4.500000 2.368164 6.500000 
5.420898 -2.500000 3.500000 
5.413086 -2.500000 3.586914 
4.362305 2.362305 7.362305 
5.413086 -0.500000 2.586914 
4.784180 -2.215820 7.500000 
4.127930 1.127930 9.500000 
5.137695 1.137695 3.500000 
4.500000 -1.500000 8.993164 
5.500000 -1.909180 3.090820 
5.213867 -2.786133 5.500000 
5.250977 -2.749023 5.250977 
5.500000 -1.500000 2.993164 
5.360352 -2.639648 4.500000 
5.377930 -2.622070 4.377930 
5.500000 -1.129883 2.870117 
4.500000 2.170898 7.170898 
5.500000 -2.342773 3.500000 
4.659180 -1.500000 8.340820 
4.612305 -1.387695 8.612305 
4.641602 -1.500000 8.500000 
4.333008 1.500000 8.666992 
4.799805 1.799805 5.799805 
5.041992 1.500000 4.500000 
4.846680 1.846680 5.500000 
4.258789 1.258789 9.258789 
4.833008 -1.500000 7.500000 
5.500000 -2.317383 3.682617 
5.403320 -2.500000 4.500000 
5.393555 -2.500000 4.606445 
4.500000 2.088867 7.500000 
5.165039 1.165039 4.165039 
5.500000 -0.500000 2.995117 
5.389648 0.389648 3.389648 
4.500000 1.899414 7.899414 
5.174805 -2.825195 6.500000 
5.055664 1.500000 4.944336 
4.375977 0.500000 9.500000 
4.397461 0.397461 9.500000 
5.584961 -1.500000 3.415039 
4.479492 1.479492 8.500000 
4.500000 -0.524414 9.500000 
5.579102 -1.500000 3.500000 
4.500000 -0.500000 9.512695 
5.249023 -2.750977 6.249023 
4.500000 -0.471680 9.528320 
4.500000 1.401367 8.500000 
4.860352 -1.139648 7.860352 
5.358398 -2.500000 5.500000 
4.493164 1.500000 8.500000 
4.497070 1.497070 8.497070 
4.500000 1.497070 8.497070 
4.500000 1.500000 8.497070 
5.204102 1.204102 4.500000 
4.768555 -1.231445 8.500000 
4.530273 -0.500000 9.469727 
4.819336 1.819336 6.500000 
5.348633 -2.500000 5.651367 
5.596680 -1.403320 3.500000 
5.500000 -2.094727 4.500000 
4.526367 -0.473633 9.500000 
4.530273 -0.500000 9.500000 
5.588867 -1.411133 3.588867 
4.526367 -0.473633 9.526367 
4.452148 0.452148 9.452148 
5.442383 0.500000 3.500000 
5.448242 0.448242 3.500000 
4.500000 -0.045898 9.500000 
5.438477 0.500000 3.561523 
4.956055 1.500000 6.043945 
4.500000 0.500000 9.301758 
4.805664 1.805664 6.805664 
5.061523 1.500000 5.500000 
4.500000 0.424805 9.424805 
4.500000 1.071289 9.071289 
5.500000 0.385742 3.500000 
4.723633 1.723633 7.500000 
5.606445 -0.500000 3.393555 
5.260742 -2.500000 6.739258 
4.715820 1.715820 7.715820 
5.618164 -0.381836 3.500000 
4.965820 1.500000 6.500000 
5.163086 -1.836914 7.163086 
5.633789 -0.500000 3.500000 
5.614258 -0.385742 3.614258 
5.500000 -1.834961 5.165039 
4.874023 1.500000 7.125977 
5.227539 1.227539 5.227539 
5.500000 -0.383789 4.500000 
5.606445 -1.500000 4.393555 
5.600586 -1.500000 4.500000 
5.500000 -2.221680 5.500000 
5.368164 -2.500000 6.500000 
5.500000 0.282227 4.282227 
4.848633 1.500000 7.500000 
5.217773 1.217773 5.500000 
5.620117 -1.379883 4.500000 
5.467773 0.467773 4.467773 
5.461914 0.500000 4.500000 
5.467773 0.467773 4.500000 
5.102539 -0.897461 7.500000 
5.612305 -1.387695 4.612305 
5.461914 0.500000 4.538086 
5.571289 -0.500000 4.428711 
4.870117 -0.129883 8.500000 
4.911133 -0.500000 8.500000 
5.500000 -2.174805 5.825195 
5.575195 -0.424805 4.500000 
5.584961 -0.500000 4.500000 
5.571289 -0.428711 4.571289 
5.016602 -0.500000 7.983398 
5.122070 1.122070 6.500000 
4.766602 0.766602 8.766602 
5.114258 -0.500000 7.500000 
5.198242 -0.801758 7.198242 
4.854492 -0.145508 8.854492 
5.500000 -0.004883 4.995117 
5.188477 1.188477 6.188477 
4.829102 0.829102 8.500000 
5.145508 0.145508 7.145508 
5.172852 0.500000 6.827148 
5.110352 0.110352 7.500000 
4.956055 0.956055 7.956055 
5.614258 -1.500000 5.385742 
5.096680 1.096680 7.096680 
5.602539 -1.500000 5.500000 
4.930664 0.500000 8.500000 
5.278320 0.500000 6.500000 
5.108398 0.500000 7.500000 
5.055664 0.055664 8.055664 
5.071289 1.071289 7.500000 
5.065430 0.500000 7.934570 
5.643555 -1.356445 5.500000 
5.333008 0.333008 6.500000 
5.485352 0.485352 5.485352 
5.483398 0.500000 5.500000 
5.500000 -1.530273 6.500000 
5.485352 0.485352 5.500000 
5.481445 0.500000 5.518555 
5.500000 0.358398 5.500000 
5.500000 -1.500000 6.518555 
5.364258 0.364258 6.364258 
5.500000 -1.458008 6.541992 
5.610352 -0.500000 5.389648 
5.592773 -0.407227 5.500000 
5.500000 -1.186523 6.500000 
5.604492 -0.500000 5.500000 
5.588867 -0.411133 5.588867 
5.657227 -1.342773 5.657227 
5.540039 -1.500000 6.459961 
5.534180 -1.465820 6.500000 
5.538086 -1.500000 6.500000 
5.532227 -1.467773 6.532227 
5.500000 -0.581055 6.418945 
5.487305 -0.512695 6.487305 
5.485352 -0.500000 6.500000 
5.487305 -0.512695 6.500000 
5.485352 -0.500000 6.514648 
5.500000 0.110352 6.110352 
5.500000 -0.500000 6.458008 
3 750 751 718 
3 724 750 718 
3 750 724 748 
3 724 718 686 
3 748 724 686 
3 901 909 833 
3 860 901 833 
3 901 860 898 
3 782 750 748 
3 860 833 751 
3 750 860 751 
3 898 860 750 
3 782 898 750 
3 1082 1084 967 
3 1013 1082 967 
3 1082 1013 1070 
3 990 901 898 
3 1013 967 909 
3 901 1013 909 
3 1070 1013 901 
3 990 1070 901 
3 1254 1260 1120 
3 1187 1254 1120 
3 1254 1187 1248 
3 1196 1082 1070 
3 1187 1120 1084 
3 1082 1187 1084 
3 1248 1187 1082 
3 1196 1248 1082 
3 1423 1432 1319 
3 1371 1423 1319 
3 1423 1371 1420 
3 1351 1254 1248 
3 1371 1319 1260 
3 1254 1371 1260 
3 1420 1371 1254 
3 1351 1420 1254 
3 1500 1423 1420 
3 1580 1432 1423 
3 1580 1423 1500 
3 584 589 536 
3 559 584 536 
3 584 559 583 
3 559 536 474 
3 583 559 474 
3 638 737 748 
3 686 638 748 
3 685 737 638 
3 737 685 729 
3 682 584 583 
3 685 638 589 
3 584 685 589 
3 729 685 584 
3 682 729 584 
3 782 891 898 
3 782 748 821 
3 782 821 891 
3 891 821 882 
3 881 737 729 
3 748 737 821 
3 882 821 737 
3 881 882 737 
3 990 1069 1070 
3 990 898 956 
3 990 956 1069 
3 1069 956 1058 
3 1057 891 882 
3 898 891 956 
3 1058 956 891 
3 1057 1058 891 
3 1196 1245 1248 
3 1196 1070 1106 
3 1196 1106 1245 
3 1245 1106 1233 
3 1232 1069 1058 
3 1070 1069 1106 
3 1233 1106 1069 
3 1232 1233 1069 
3 1351 1411 1420 
3 1351 1248 1292 
3 1351 1292 1411 
3 1411 1292 1402 
3 1400 1245 1233 
3 1248 1245 1292 
3 1402 1292 1245 
3 1400 1402 1245 
3 1593 1602 1580 
3 1593 1580 1500 
3 1500 1420 1499 
3 1500 1499 1593 
3 1593 1499 1589 
3 1559 1411 1402 
3 1420 1411 1499 
3 1589 1499 1411 
3 1559 1589 1411 
3 1796 1795 1655 
3 1763 1796 1655 
3 1796 1763 1797 
3 1707 1593 1589 
3 1763 1655 1602 
3 1593 1763 1602 
3 1797 1763 1593 
3 1707 1797 1593 
3 1798 1796 1797 
3 1800 1795 1796 
3 1800 1796 1798 
3 436 581 583 
3 474 436 583 
3 518 581 436 
3 581 518 582 
3 518 436 409 
3 582 518 409 
3 682 725 729 
3 682 583 633 
3 682 633 725 
3 725 633 727 
3 726 581 582 
3 583 581 633 
3 727 633 581 
3 726 727 581 
3 882 883 881 
3 881 729 769 
3 881 769 883 
3 883 769 886 
3 885 725 727 
3 729 725 769 
3 886 769 725 
3 885 886 725 
3 1058 1059 1057 
3 1057 882 884 
3 1057 884 1059 
3 1059 884 1062 
3 1061 883 886 
3 884 883 882 
3 1062 884 883 
3 1061 1062 883 
3 1233 1234 1232 
3 1232 1058 1060 
3 1232 1060 1234 
3 1234 1060 1237 
3 1236 1059 1062 
3 1060 1059 1058 
3 1237 1060 1059 
3 1236 1237 1059 
3 1402 1403 1400 
3 1400 1233 1235 
3 1400 1235 1403 
3 1403 1235 1407 
3 1406 1234 1237 
3 1235 1234 1233 
3 1407 1235 1234 
3 1406 1407 1234 
3 1559 1583 1589 
3 1559 1402 1404 
3 1559 1404 1583 
3 1583 1404 1586 
3 1585 1403 1407 
3 1404 1403 1402 
3 1586 1404 1403 
3 1585 1586 1403 
3 1707 1791 1797 
3 1707 1589 1673 
3 1707 1673 1791 
3 1791 1673 1790 
3 1736 1583 1586 
3 1589 1583 1673 
3 1790 1673 1583 
3 1736 1790 1583 
3 1800 1798 1817 
3 1798 1797 1817 
3 1874 1791 1790 
3 1928 1817 1797 
3 1928 1797 1791 
3 1928 1791 1874 
3 417 585 582 
3 409 417 582 
3 504 585 417 
3 585 504 592 
3 504 417 445 
3 592 504 445 
3 727 728 726 
3 726 582 603 
3 726 603 728 
3 728 603 744 
3 743 585 592 
3 582 585 603 
3 744 603 585 
3 743 744 585 
3 886 887 885 
3 885 727 730 
3 885 730 887 
3 887 730 894 
3 893 728 744 
3 730 728 727 
3 894 730 728 
3 893 894 728 
3 1062 1063 1061 
3 1061 886 888 
3 1061 888 1063 
3 1063 888 1066 
3 1065 887 894 
3 888 887 886 
3 1066 888 887 
3 1065 1066 887 
3 1237 1238 1236 
3 1236 1062 1064 
3 1236 1064 1238 
3 1238 1064 1241 
3 1240 1063 1066 
3 1064 1063 1062 
3 1241 1064 1063 
3 1240 1241 1063 
3 1407 1408 1406 
3 1406 1237 1239 
3 1406 1239 1408 
3 1408 1239 1417 
3 1415 1238 1241 
3 1239 1238 1237 
3 1417 1239 1238 
3 1415 1417 1238 
3 1586 1587 1585 
3 1585 1407 1409 
3 1585 1409 1587 
3 1587 1409 1597 
3 1596 1408 1417 
3 1409 1408 1407 
3 1597 1409 1408 
3 1596 1597 1408 
3 1736 1792 1790 
3 1736 1586 1588 
3 1736 1588 1792 
3 1792 1588 1799 
3 1760 1587 1597 
3 1588 1587 1586 
3 1799 1588 1587 
3 1760 1799 1587 
3 1928 1874 1993 
3 1874 1790 1993 
3 1895 1792 1799 
3 1984 1993 1790 
3 1984 1790 1792 
3 1984 1792 1895 
3 455 594 592 
3 445 455 592 
3 533 594 455 
3 594 533 605 
3 533 455 473 
3 605 533 473 
3 744 745 743 
3 743 592 612 
3 743 612 745 
3 745 612 759 
3 757 594 605 
3 592 594 612 
3 759 612 594 
3 757 759 594 
3 894 895 893 
3 893 744 746 
3 893 746 895 
3 895 746 904 
3 903 745 759 
3 746 745 744 
3 904 746 745 
3 903 904 745 
3 1066 1067 1065 
3 1065 894 896 
3 1065 896 1067 
3 1067 896 1072 
3 1071 895 904 
3 896 895 894 
3 1072 896 895 
3 1071 1072 895 
3 1241 1242 1240 
3 1240 1066 1068 
3 1240 1068 1242 
3 1242 1068 1249 
3 1246 1067 1072 
3 1068 1067 1066 
3 1249 1068 1067 
3 1246 1249 1067 
3 1417 1418 1415 
3 1415 1241 1243 
3 1415 1243 1418 
3 1418 1243 1428 
3 1427 1242 1249 
3 1243 1242 1241 
3 1428 1243 1242 
3 1427 1428 1242 
3 1597 1598 1596 
3 1596 1417 1419 
3 1596 1419 1598 
3 1598 1419 1611 
3 1610 1418 1428 
3 1419 1418 1417 
3 1611 1419 1418 
3 1610 1611 1418 
3 1760 1802 1799 
3 1760 1597 1599 
3 1760 1599 1802 
3 1802 1599 1814 
3 1768 1598 1611 
3 1599 1598 1597 
3 1814 1599 1598 
3 1768 1814 1598 
3 1984 1895 1999 
3 1895 1799 1999 
3 1902 1802 1814 
3 1994 1999 1799 
3 1994 1799 1802 
3 1994 1802 1902 
3 454 437 429 
3 435 454 429 
3 454 435 457 
3 435 429 431 
3 457 435 431 
3 452 608 605 
3 473 452 605 
3 552 608 452 
3 608 552 620 
3 551 454 457 
3 552 452 437 
3 454 552 437 
3 620 552 454 
3 551 620 454 
3 759 760 757 
3 757 605 632 
3 757 632 760 
3 760 632 785 
3 784 608 620 
3 605 608 632 
3 785 632 608 
3 784 785 608 
3 904 905 903 
3 903 759 761 
3 903 761 905 
3 905 761 926 
3 925 760 785 
3 761 760 759 
3 926 761 760 
3 925 926 760 
3 1072 1073 1071 
3 1071 904 906 
3 1071 906 1073 
3 1073 906 1095 
3 1094 905 926 
3 906 905 904 
3 1095 906 905 
3 1094 1095 905 
3 1249 1250 1246 
3 1246 1072 1074 
3 1246 1074 1250 
3 1250 1074 1268 
3 1267 1073 1095 
3 1074 1073 1072 
3 1268 1074 1073 
3 1267 1268 1073 
3 1428 1429 1427 
3 1427 1249 1251 
3 1427 1251 1429 
3 1429 1251 1453 
3 1452 1250 1268 
3 1251 1250 1249 
3 1453 1251 1250 
3 1452 1453 1250 
3 1611 1612 1610 
3 1610 1428 1430 
3 1610 1430 1612 
3 1612 1430 1634 
3 1633 1429 1453 
3 1430 1429 1428 
3 1634 1430 1429 
3 1633 1634 1429 
3 1768 1824 1814 
3 1768 1611 1614 
3 1768 1614 1824 
3 1824 1614 1844 
3 1769 1612 1634 
3 1614 1612 1611 
3 1844 1614 1612 
3 1769 1844 1612 
3 1994 1902 1959 
3 1902 1814 1959 
3 1905 1824 1844 
3 1954 1959 1814 
3 1954 1814 1824 
3 1954 1824 1905 
3 431 481 457 
3 551 624 620 
3 551 457 565 
3 551 565 624 
3 624 565 649 
3 457 481 516 
3 565 457 516 
3 649 565 516 
3 785 786 784 
3 784 620 640 
3 784 640 786 
3 786 640 808 
3 807 624 649 
3 620 624 640 
3 808 640 624 
3 807 808 624 
3 926 927 925 
3 925 785 787 
3 925 787 927 
3 927 787 959 
3 958 786 808 
3 787 786 785 
3 959 787 786 
3 958 959 786 
3 1095 1096 1094 
3 1094 926 930 
3 1094 930 1096 
3 1096 930 1132 
3 1131 927 959 
3 930 927 926 
3 1132 930 927 
3 1131 1132 927 
3 1268 1269 1267 
3 1267 1095 1097 
3 1267 1097 1269 
3 1269 1097 1301 
3 1299 1096 1132 
3 1097 1096 1095 
3 1301 1097 1096 
3 1299 1301 1096 
3 1453 1454 1452 
3 1452 1268 1270 
3 1452 1270 1454 
3 1454 1270 1481 
3 1480 1269 1301 
3 1270 1269 1268 
3 1481 1270 1269 
3 1480 1481 1269 
3 1634 1635 1633 
3 1633 1453 1455 
3 1633 1455 1635 
3 1635 1455 1672 
3 1647 1454 1481 
3 1455 1454 1453 
3 1672 1455 1454 
3 1647 1672 1454 
3 1769 1861 1844 
3 1769 1634 1636 
3 1769 1636 1861 
3 1861 1636 1878 
3 1772 1635 1672 
3 1636 1635 1634 
3 1878 1636 1635 
3 1772 1878 1635 
3 1954 1905 1952 
3 1905 1844 1952 
3 1913 1861 1878 
3 1940 1952 1844 
3 1940 1844 1861 
3 1940 1861 1913 
3 535 671 649 
3 516 535 649 
3 663 671 535 
3 671 663 684 
3 663 535 652 
3 684 663 652 
3 808 809 807 
3 807 649 704 
3 807 704 809 
3 809 704 828 
3 714 671 684 
3 649 671 704 
3 828 704 671 
3 714 828 671 
3 959 960 958 
3 958 808 811 
3 958 811 960 
3 960 811 978 
3 964 809 828 
3 811 809 808 
3 978 811 809 
3 964 978 809 
3 1132 1133 1131 
3 1131 959 961 
3 1131 961 1133 
3 1133 961 1172 
3 1171 960 978 
3 961 960 959 
3 1172 961 960 
3 1171 1172 960 
3 1301 1302 1299 
3 1299 1132 1134 
3 1299 1134 1302 
3 1302 1134 1344 
3 1328 1133 1172 
3 1134 1133 1132 
3 1344 1134 1133 
3 1328 1344 1133 
3 1481 1482 1480 
3 1480 1301 1303 
3 1480 1303 1482 
3 1482 1303 1523 
3 1462 1302 1344 
3 1303 1302 1301 
3 1523 1303 1302 
3 1462 1523 1302 
3 1647 1684 1672 
3 1647 1481 1483 
3 1647 1483 1684 
3 1684 1483 1713 
3 1572 1482 1523 
3 1483 1482 1481 
3 1713 1483 1482 
3 1572 1713 1482 
3 1853 1888 1878 
3 1772 1853 1878 
3 1772 1672 1853 
3 1734 1684 1713 
3 1779 1853 1672 
3 1779 1672 1684 
3 1779 1684 1734 
3 1940 1913 1929 
3 1913 1878 1929 
3 1888 1929 1878 
3 652 691 684 
3 820 848 828 
3 714 820 828 
3 714 684 820 
3 691 820 684 
3 964 989 978 
3 964 828 913 
3 964 913 989 
3 989 913 1030 
3 828 848 878 
3 913 828 878 
3 1030 913 878 
3 1172 1173 1171 
3 1171 978 1021 
3 1171 1021 1173 
3 1173 1021 1202 
3 1098 989 1030 
3 978 989 1021 
3 1202 1021 989 
3 1098 1202 989 
3 1328 1346 1344 
3 1328 1172 1174 
3 1328 1174 1346 
3 1346 1174 1374 
3 1273 1173 1202 
3 1174 1173 1172 
3 1374 1174 1173 
3 1273 1374 1173 
3 1551 1552 1523 
3 1462 1551 1523 
3 1462 1344 1551 
3 1412 1346 1374 
3 1550 1551 1344 
3 1550 1344 1346 
3 1550 1346 1412 
3 1632 1722 1713 
3 1572 1632 1713 
3 1572 1523 1632 
3 1552 1632 1523 
3 1779 1734 1752 
3 1734 1713 1752 
3 1722 1752 1713 
3 878 1038 1030 
3 1125 1218 1202 
3 1098 1125 1202 
3 1098 1030 1125 
3 1038 1125 1030 
3 1305 1391 1374 
3 1273 1305 1374 
3 1273 1202 1305 
3 1218 1305 1202 
3 1550 1412 1449 
3 1412 1374 1449 
3 1391 1449 1374 
3 924 933 873 
3 892 924 873 
3 924 892 914 
3 892 873 802 
3 914 892 802 
3 1101 1111 1034 
3 1042 1101 1034 
3 1101 1042 1090 
3 1036 924 914 
3 1042 1034 933 
3 924 1042 933 
3 1090 1042 924 
3 1036 1090 924 
3 1280 1286 1208 
3 1221 1280 1208 
3 1280 1221 1272 
3 1215 1101 1090 
3 1221 1208 1111 
3 1101 1221 1111 
3 1272 1221 1101 
3 1215 1272 1101 
3 1350 1280 1272 
3 1426 1286 1280 
3 1426 1280 1350 
3 397 406 369 
3 381 397 369 
3 397 381 400 
3 381 369 358 
3 400 381 358 
3 600 604 514 
3 563 600 514 
3 600 563 596 
3 476 397 400 
3 563 514 406 
3 397 563 406 
3 596 563 397 
3 476 596 397 
3 756 776 666 
3 688 756 666 
3 756 688 718 
3 756 718 751 
3 718 600 596 
3 686 718 596 
3 688 666 604 
3 600 688 604 
3 718 688 600 
3 788 911 914 
3 802 788 914 
3 816 911 788 
3 911 816 833 
3 911 833 909 
3 756 751 833 
3 816 788 776 
3 756 816 776 
3 833 816 756 
3 1036 1089 1090 
3 1036 914 949 
3 1036 949 1089 
3 1089 949 967 
3 1089 967 1084 
3 911 909 967 
3 914 911 949 
3 967 949 911 
3 1215 1262 1272 
3 1215 1090 1107 
3 1215 1107 1262 
3 1262 1107 1120 
3 1262 1120 1260 
3 1089 1084 1120 
3 1090 1089 1107 
3 1120 1107 1089 
3 1444 1458 1426 
3 1444 1426 1350 
3 1350 1272 1293 
3 1350 1293 1444 
3 1444 1293 1319 
3 1444 1319 1432 
3 1262 1260 1319 
3 1272 1262 1293 
3 1319 1293 1262 
3 1615 1623 1485 
3 1528 1615 1485 
3 1615 1528 1604 
3 1444 1432 1580 
3 1444 1580 1595 
3 1528 1485 1458 
3 1444 1528 1458 
3 1604 1528 1444 
3 1595 1604 1444 
3 1710 1615 1604 
3 1775 1623 1615 
3 1775 1615 1710 
3 342 393 400 
3 358 342 400 
3 357 393 342 
3 393 357 394 
3 357 342 313 
3 394 357 313 
3 476 593 596 
3 476 400 479 
3 476 479 593 
3 593 479 536 
3 593 536 589 
3 536 393 394 
3 474 536 394 
3 400 393 479 
3 536 479 393 
3 686 596 618 
3 686 618 638 
3 593 589 638 
3 596 593 618 
3 638 618 593 
3 1595 1607 1604 
3 1595 1580 1607 
3 1607 1580 1602 
3 1807 1815 1775 
3 1807 1775 1710 
3 1710 1604 1616 
3 1710 1616 1807 
3 1807 1616 1655 
3 1807 1655 1795 
3 1607 1602 1655 
3 1604 1607 1616 
3 1655 1616 1607 
3 1807 1795 1800 
3 1807 1800 1891 
3 1915 1815 1807 
3 1915 1807 1891 
3 302 390 394 
3 313 302 394 
3 346 390 302 
3 390 346 398 
3 346 302 288 
3 398 346 288 
3 474 394 423 
3 474 423 436 
3 436 390 398 
3 409 436 398 
3 394 390 423 
3 436 423 390 
3 2031 2032 1915 
3 2031 1915 1891 
3 1891 1800 2031 
3 2031 1800 1817 
3 2031 1817 2029 
3 1928 1957 1817 
3 1817 1957 2029 
3 2042 2031 2029 
3 2043 2032 2031 
3 2043 2031 2042 
3 322 399 398 
3 288 322 398 
3 360 399 322 
3 399 360 422 
3 360 322 298 
3 422 360 298 
3 409 398 410 
3 409 410 417 
3 417 399 422 
3 445 417 422 
3 398 399 410 
3 417 410 399 
3 1957 2024 2029 
3 1957 1928 2024 
3 2024 1928 1993 
3 2024 1993 2025 
3 1984 2010 1993 
3 1993 2010 2025 
3 2043 2042 2060 
3 2042 2029 2060 
3 2089 2024 2025 
3 2109 2060 2029 
3 2109 2029 2024 
3 2109 2024 2089 
3 247 248 239 
3 235 247 239 
3 247 235 249 
3 235 239 233 
3 249 235 233 
3 304 428 422 
3 298 304 422 
3 356 428 304 
3 428 356 433 
3 385 247 249 
3 356 304 248 
3 247 356 248 
3 433 356 247 
3 385 433 247 
3 445 422 432 
3 445 432 455 
3 455 428 433 
3 473 455 433 
3 422 428 432 
3 455 432 428 
3 2010 2027 2025 
3 2010 1984 2027 
3 2027 1984 1999 
3 2027 1999 2038 
3 1994 2020 1999 
3 1999 2020 2038 
3 2109 2089 2137 
3 2089 2025 2137 
3 2124 2027 2038 
3 2183 2137 2025 
3 2183 2025 2027 
3 2183 2027 2124 
3 233 262 249 
3 385 434 433 
3 385 249 353 
3 385 353 434 
3 434 353 429 
3 434 429 437 
3 429 351 431 
3 249 262 327 
3 353 249 327 
3 429 353 327 
3 351 429 327 
3 473 433 438 
3 473 438 452 
3 434 437 452 
3 433 434 438 
3 452 438 434 
3 2020 2041 2038 
3 2020 1994 2041 
3 2041 1994 1959 
3 2041 1959 2069 
3 1954 2007 1959 
3 1959 2007 2069 
3 2183 2124 2185 
3 2124 2038 2185 
3 2130 2041 2069 
3 2176 2185 2038 
3 2176 2038 2041 
3 2176 2041 2130 
3 330 351 327 
3 383 431 351 
3 330 383 351 
3 431 383 495 
3 431 495 481 
3 383 330 402 
3 495 383 402 
3 516 481 495 
3 2079 2092 2069 
3 2007 2079 2069 
3 2007 1954 2075 
3 2007 2075 2079 
3 1952 2075 1954 
3 1940 2008 1952 
3 2077 2079 2075 
3 2077 2075 1952 
3 2077 1952 2008 
3 2176 2130 2147 
3 2130 2069 2147 
3 2092 2147 2069 
3 402 531 495 
3 516 495 511 
3 516 511 535 
3 535 595 652 
3 495 531 577 
3 511 495 577 
3 535 511 577 
3 595 535 577 
3 1912 1888 1853 
3 1779 1873 1853 
3 1853 1873 1912 
3 2077 2008 2040 
3 2008 1940 1968 
3 2008 1968 2040 
3 1929 1968 1940 
3 1929 1888 1912 
3 1958 1929 1912 
3 2006 2040 1968 
3 2006 1968 1929 
3 2006 1929 1958 
3 577 711 706 
3 595 577 706 
3 706 652 595 
3 691 652 706 
3 858 848 820 
3 820 691 706 
3 706 711 800 
3 820 706 800 
3 858 820 800 
3 878 848 858 
3 1554 1552 1551 
3 1550 1553 1551 
3 1551 1553 1554 
3 1740 1722 1632 
3 1632 1552 1554 
3 1694 1632 1554 
3 1632 1694 1740 
3 1882 1932 1912 
3 1873 1882 1912 
3 1873 1779 1813 
3 1873 1813 1882 
3 1752 1813 1779 
3 1752 1722 1740 
3 1788 1752 1740 
3 1856 1882 1813 
3 1856 1813 1752 
3 1856 1752 1788 
3 2006 1958 1963 
3 1958 1912 1963 
3 1932 1963 1912 
3 800 899 858 
3 1029 1086 1079 
3 878 858 1029 
3 878 1029 1079 
3 1038 878 1079 
3 899 1029 858 
3 1258 1263 1261 
3 1258 1261 1257 
3 1125 1257 1261 
3 1218 1125 1261 
3 1125 1038 1079 
3 1086 1258 1257 
3 1086 1257 1079 
3 1079 1257 1125 
3 1431 1391 1305 
3 1305 1218 1261 
3 1261 1263 1414 
3 1305 1261 1414 
3 1431 1305 1414 
3 1565 1590 1554 
3 1553 1565 1554 
3 1553 1550 1564 
3 1553 1564 1565 
3 1449 1564 1550 
3 1449 1391 1431 
3 1441 1449 1431 
3 1443 1565 1564 
3 1443 1564 1449 
3 1443 1449 1441 
3 1719 1757 1740 
3 1694 1719 1740 
3 1694 1554 1719 
3 1590 1719 1554 
3 1856 1788 1794 
3 1788 1740 1794 
3 1757 1794 1740 
3 1414 1433 1431 
3 1443 1441 1437 
3 1441 1431 1437 
3 1433 1437 1431 
3 190 193 184 
3 186 190 184 
3 190 186 191 
3 186 184 185 
3 191 186 185 
3 426 430 364 
3 380 426 364 
3 426 380 418 
3 209 190 191 
3 380 364 193 
3 190 380 193 
3 418 380 190 
3 209 418 190 
3 617 623 561 
3 575 617 561 
3 617 575 614 
3 527 426 418 
3 575 561 430 
3 426 575 430 
3 614 575 426 
3 527 614 426 
3 793 798 734 
3 736 793 734 
3 793 736 781 
3 710 617 614 
3 736 734 623 
3 617 736 623 
3 781 736 617 
3 710 781 617 
3 943 957 857 
3 861 943 857 
3 943 861 873 
3 943 873 933 
3 873 793 781 
3 802 873 781 
3 861 857 798 
3 793 861 798 
3 873 861 793 
3 1118 1142 1016 
3 1025 1118 1016 
3 1118 1025 1034 
3 1118 1034 1111 
3 943 933 1034 
3 1025 1016 957 
3 943 1025 957 
3 1034 1025 943 
3 1298 1310 1184 
3 1204 1298 1184 
3 1298 1204 1208 
3 1298 1208 1286 
3 1118 1111 1208 
3 1204 1184 1142 
3 1118 1204 1142 
3 1208 1204 1118 
3 1473 1484 1397 
3 1425 1473 1397 
3 1473 1425 1465 
3 1298 1286 1426 
3 1298 1426 1424 
3 1425 1397 1310 
3 1298 1425 1310 
3 1465 1425 1298 
3 1424 1465 1298 
3 1660 1663 1626 
3 1643 1660 1626 
3 1660 1643 1652 
3 1537 1473 1465 
3 1643 1626 1484 
3 1473 1643 1484 
3 1652 1643 1473 
3 1537 1652 1473 
3 1683 1660 1652 
3 1706 1663 1660 
3 1706 1660 1683 
3 155 188 191 
3 185 155 191 
3 169 188 155 
3 188 169 196 
3 169 155 161 
3 196 169 161 
3 209 414 418 
3 209 191 320 
3 209 320 414 
3 414 320 369 
3 414 369 406 
3 369 188 196 
3 358 369 196 
3 191 188 320 
3 369 320 188 
3 527 611 614 
3 527 418 464 
3 527 464 611 
3 611 464 514 
3 611 514 604 
3 414 406 514 
3 418 414 464 
3 514 464 414 
3 710 779 781 
3 710 614 648 
3 710 648 779 
3 779 648 666 
3 779 666 776 
3 611 604 666 
3 614 611 648 
3 666 648 611 
3 802 781 790 
3 802 790 788 
3 779 776 788 
3 781 779 790 
3 788 790 779 
3 1424 1459 1465 
3 1424 1426 1459 
3 1459 1426 1458 
3 1537 1642 1652 
3 1537 1465 1472 
3 1537 1472 1642 
3 1642 1472 1485 
3 1642 1485 1623 
3 1459 1458 1485 
3 1465 1459 1472 
3 1485 1472 1459 
3 1832 1847 1706 
3 1832 1706 1683 
3 1683 1652 1730 
3 1683 1730 1832 
3 1832 1730 1823 
3 1642 1623 1775 
3 1642 1775 1793 
3 1652 1642 1730 
3 1823 1730 1642 
3 1793 1823 1642 
3 1894 1832 1823 
3 1941 1847 1832 
3 1941 1832 1894 
3 161 212 196 
3 358 196 293 
3 358 293 342 
3 342 219 313 
3 196 212 237 
3 293 196 237 
3 342 293 237 
3 219 342 237 
3 1793 1818 1823 
3 1793 1775 1818 
3 1818 1775 1815 
3 2047 2049 1941 
3 2047 1941 1894 
3 1894 1823 1909 
3 1894 1909 2047 
3 2047 1909 2037 
3 1818 1815 1915 
3 1818 1915 1969 
3 1823 1818 1909 
3 2037 1909 1818 
3 1969 2037 1818 
3 2074 2047 2037 
3 2093 2049 2047 
3 2093 2047 2074 
3 307 219 237 
3 278 313 219 
3 307 278 219 
3 313 278 302 
3 302 266 288 
3 278 307 272 
3 302 278 272 
3 266 302 272 
3 1969 2046 2037 
3 1969 1915 2046 
3 2046 1915 2032 
3 2093 2074 2133 
3 2074 2037 2133 
3 2046 2032 2043 
3 2046 2043 2119 
3 2142 2133 2037 
3 2142 2037 2046 
3 2142 2046 2119 
3 232 243 156 
3 174 232 156 
3 232 174 222 
3 174 156 143 
3 222 174 143 
3 271 266 272 
3 277 288 266 
3 271 277 266 
3 288 277 322 
3 322 232 222 
3 298 322 222 
3 277 271 243 
3 232 277 243 
3 322 277 232 
3 2142 2119 2202 
3 2119 2043 2058 
3 2119 2058 2202 
3 2060 2058 2043 
3 2109 2155 2060 
3 2222 2202 2058 
3 2222 2058 2060 
3 2222 2060 2155 
3 140 228 222 
3 143 140 222 
3 189 228 140 
3 228 189 239 
3 228 239 248 
3 239 234 233 
3 189 140 149 
3 239 189 149 
3 234 239 149 
3 298 222 264 
3 298 264 304 
3 228 248 304 
3 222 228 264 
3 304 264 228 
3 2222 2155 2258 
3 2155 2109 2220 
3 2155 2220 2258 
3 2137 2220 2109 
3 2183 2209 2137 
3 2255 2258 2220 
3 2255 2220 2137 
3 2255 2137 2209 
3 171 234 149 
3 201 233 234 
3 171 201 234 
3 233 201 297 
3 233 297 262 
3 201 171 241 
3 297 201 241 
3 327 262 297 
3 2255 2209 2252 
3 2209 2183 2241 
3 2209 2241 2252 
3 2185 2241 2183 
3 2176 2221 2185 
3 2243 2252 2241 
3 2243 2241 2185 
3 2243 2185 2221 
3 241 338 297 
3 327 297 335 
3 327 335 330 
3 330 404 402 
3 297 338 395 
3 335 297 395 
3 330 335 395 
3 404 330 395 
3 2107 2092 2079 
3 2077 2087 2079 
3 2079 2087 2107 
3 2243 2221 2242 
3 2221 2176 2203 
3 2221 2203 2242 
3 2147 2203 2176 
3 2147 2092 2107 
3 2182 2147 2107 
3 2231 2242 2203 
3 2231 2203 2147 
3 2231 2147 2182 
3 515 404 395 
3 553 402 404 
3 515 553 404 
3 402 553 564 
3 402 564 531 
3 553 515 560 
3 564 553 560 
3 577 531 564 
3 2108 2134 2107 
3 2087 2108 2107 
3 2087 2077 2100 
3 2087 2100 2108 
3 2040 2100 2077 
3 2006 2056 2040 
3 2090 2108 2100 
3 2090 2100 2040 
3 2090 2040 2056 
3 2231 2182 2171 
3 2182 2107 2171 
3 2134 2171 2107 
3 560 569 564 
3 577 564 687 
3 577 687 738 
3 577 738 711 
3 564 569 705 
3 687 564 705 
3 738 687 705 
3 800 711 738 
3 1937 1962 1950 
3 1937 1950 1935 
3 1882 1935 1950 
3 1932 1882 1950 
3 1856 1889 1882 
3 1921 1937 1935 
3 1921 1935 1882 
3 1921 1882 1889 
3 2090 2056 2034 
3 2056 2006 2001 
3 2056 2001 2034 
3 1963 2001 2006 
3 1963 1932 1950 
3 1962 2034 2001 
3 1962 2001 1950 
3 1950 2001 1963 
3 705 773 738 
3 932 946 937 
3 800 738 932 
3 800 932 937 
3 899 800 937 
3 773 932 738 
3 1110 1086 1029 
3 1029 899 937 
3 937 946 987 
3 1029 937 987 
3 1110 1029 987 
3 1266 1263 1258 
3 1258 1086 1110 
3 1255 1258 1110 
3 1258 1255 1266 
3 1414 1263 1266 
3 1618 1590 1565 
3 1443 1556 1565 
3 1565 1556 1618 
3 1761 1801 1781 
3 1761 1781 1745 
3 1719 1745 1781 
3 1757 1719 1781 
3 1719 1590 1618 
3 1668 1719 1618 
3 1716 1761 1745 
3 1716 1745 1719 
3 1716 1719 1668 
3 1921 1889 1869 
3 1889 1856 1812 
3 1889 1812 1869 
3 1794 1812 1856 
3 1794 1757 1781 
3 1801 1869 1812 
3 1801 1812 1781 
3 1781 1812 1794 
3 987 1137 1110 
3 1188 1300 1266 
3 1255 1188 1266 
3 1255 1110 1188 
3 1137 1188 1110 
3 1357 1470 1434 
3 1414 1266 1357 
3 1414 1357 1434 
3 1433 1414 1434 
3 1300 1357 1266 
3 1525 1627 1618 
3 1556 1525 1618 
3 1556 1443 1438 
3 1556 1438 1525 
3 1437 1438 1443 
3 1437 1433 1434 
3 1470 1525 1438 
3 1470 1438 1434 
3 1434 1438 1437 
3 1716 1668 1640 
3 1668 1618 1640 
3 1627 1640 1618 
3 220 225 205 
3 203 220 205 
3 220 203 213 
3 203 205 146 
3 213 203 146 
3 284 220 213 
3 389 225 220 
3 389 220 284 
3 90 91 84 
3 88 90 84 
3 90 88 92 
3 88 84 83 
3 92 88 83 
3 106 206 213 
3 146 106 213 
3 130 206 106 
3 206 130 184 
3 206 184 193 
3 184 90 92 
3 185 184 92 
3 130 106 91 
3 90 130 91 
3 184 130 90 
3 389 284 415 
3 284 213 415 
3 364 430 465 
3 206 193 364 
3 407 415 213 
3 407 213 206 
3 407 206 364 
3 407 364 465 
3 650 657 629 
3 639 650 629 
3 650 639 561 
3 650 561 623 
3 465 430 561 
3 465 561 538 
3 639 629 610 
3 561 639 610 
3 538 561 610 
3 812 819 749 
3 741 812 749 
3 812 741 734 
3 812 734 798 
3 650 623 734 
3 741 749 657 
3 650 741 657 
3 734 741 650 
3 966 971 862 
3 864 966 862 
3 966 864 857 
3 966 857 957 
3 812 798 857 
3 864 862 819 
3 812 864 819 
3 857 864 812 
3 1146 1165 999 
3 1015 1146 999 
3 1146 1015 1016 
3 1146 1016 1142 
3 966 957 1016 
3 1015 999 971 
3 966 1015 971 
3 1016 1015 966 
3 1317 1337 1176 
3 1192 1317 1176 
3 1317 1192 1184 
3 1317 1184 1310 
3 1146 1142 1184 
3 1192 1176 1165 
3 1146 1192 1165 
3 1184 1192 1146 
3 1495 1514 1368 
3 1393 1495 1368 
3 1495 1393 1397 
3 1495 1397 1484 
3 1317 1310 1397 
3 1393 1368 1337 
3 1317 1393 1337 
3 1397 1393 1317 
3 1681 1697 1594 
3 1600 1681 1594 
3 1681 1600 1626 
3 1681 1626 1663 
3 1495 1484 1626 
3 1600 1594 1514 
3 1495 1600 1514 
3 1626 1600 1495 
3 1681 1663 1706 
3 1681 1706 1759 
3 1831 1697 1681 
3 1831 1681 1759 
3 83 97 92 
3 177 257 254 
3 185 92 177 
3 185 177 254 
3 155 185 254 
3 246 155 254 
3 155 128 161 
3 97 177 92 
3 246 128 155 
3 465 478 407 
3 246 254 306 
3 254 257 451 
3 306 254 451 
3 532 538 610 
3 532 465 538 
3 465 532 478 
3 1858 1876 1831 
3 1858 1831 1759 
3 1759 1706 1858 
3 1858 1706 1847 
3 1858 1847 1941 
3 1858 1941 1975 
3 2053 1876 1858 
3 2053 1858 1975 
3 246 229 128 
3 229 161 128 
3 212 161 229 
3 375 306 451 
3 375 246 306 
3 237 212 229 
3 336 237 229 
3 246 375 329 
3 229 246 329 
3 336 229 329 
3 2061 2073 2053 
3 2061 2053 1975 
3 1975 1941 2061 
3 2061 1941 2049 
3 2061 2049 2093 
3 2061 2093 2146 
3 2177 2073 2061 
3 2177 2061 2146 
3 259 283 159 
3 199 259 159 
3 259 199 251 
3 199 159 132 
3 251 199 132 
3 318 336 329 
3 319 237 336 
3 318 319 336 
3 237 319 307 
3 307 259 251 
3 272 307 251 
3 319 318 283 
3 259 319 283 
3 307 319 259 
3 2177 2146 2250 
3 2146 2093 2251 
3 2146 2251 2250 
3 2133 2251 2093 
3 2142 2212 2133 
3 2271 2250 2251 
3 2271 2251 2133 
3 2271 2133 2212 
3 115 244 251 
3 132 115 251 
3 141 244 115 
3 244 141 156 
3 244 156 243 
3 156 114 143 
3 141 115 118 
3 156 141 118 
3 114 156 118 
3 272 251 260 
3 272 260 271 
3 244 243 271 
3 251 244 260 
3 271 260 244 
3 2279 2287 2271 
3 2279 2271 2212 
3 2212 2142 2279 
3 2279 2142 2202 
3 2279 2202 2282 
3 2222 2238 2202 
3 2202 2238 2282 
3 2309 2279 2282 
3 2312 2287 2279 
3 2312 2279 2309 
3 116 114 118 
3 125 143 114 
3 116 125 114 
3 143 125 140 
3 140 150 149 
3 125 116 162 
3 140 125 162 
3 150 140 162 
3 2238 2285 2282 
3 2238 2222 2285 
3 2285 2222 2258 
3 2285 2258 2302 
3 2255 2274 2258 
3 2258 2274 2302 
3 2312 2309 2328 
3 2309 2282 2328 
3 2347 2285 2302 
3 2353 2328 2282 
3 2353 2282 2285 
3 2353 2285 2347 
3 167 150 162 
3 151 149 150 
3 167 151 150 
3 149 151 171 
3 171 261 241 
3 151 167 236 
3 171 151 236 
3 261 171 236 
3 2336 2345 2302 
3 2274 2336 2302 
3 2274 2255 2303 
3 2274 2303 2336 
3 2252 2303 2255 
3 2243 2256 2252 
3 2335 2336 2303 
3 2335 2303 2252 
3 2335 2252 2256 
3 2353 2347 2350 
3 2347 2302 2350 
3 2345 2350 2302 
3 361 261 236 
3 366 241 261 
3 361 366 261 
3 241 366 373 
3 241 373 338 
3 366 361 370 
3 373 366 370 
3 395 338 373 
3 2335 2256 2277 
3 2256 2243 2259 
3 2256 2259 2277 
3 2242 2259 2243 
3 2231 2246 2242 
3 2239 2277 2259 
3 2239 2259 2242 
3 2239 2242 2246 
3 370 377 373 
3 395 373 466 
3 395 466 515 
3 515 488 560 
3 373 377 489 
3 466 373 489 
3 515 466 489 
3 488 515 489 
3 2153 2173 2165 
3 2153 2165 2149 
3 2108 2149 2165 
3 2134 2108 2165 
3 2090 2115 2108 
3 2138 2153 2149 
3 2138 2149 2108 
3 2138 2108 2115 
3 2239 2246 2218 
3 2246 2231 2217 
3 2246 2217 2218 
3 2171 2217 2231 
3 2171 2134 2165 
3 2173 2218 2217 
3 2173 2217 2165 
3 2165 2217 2171 
3 489 615 607 
3 488 489 607 
3 607 560 488 
3 569 560 607 
3 705 569 607 
3 661 705 607 
3 607 615 651 
3 661 607 651 
3 1981 1997 1990 
3 1981 1990 1979 
3 1937 1979 1990 
3 1962 1937 1990 
3 1921 1939 1937 
3 1971 1981 1979 
3 1971 1979 1937 
3 1971 1937 1939 
3 2138 2115 2072 
3 2115 2090 2063 
3 2115 2063 2072 
3 2034 2063 2090 
3 2034 1962 1990 
3 1997 2072 2063 
3 1997 2063 1990 
3 1990 2063 2034 
3 651 815 805 
3 661 651 805 
3 805 705 661 
3 773 705 805 
3 953 946 932 
3 932 773 805 
3 805 815 844 
3 932 805 844 
3 953 932 844 
3 987 946 953 
3 1820 1841 1829 
3 1820 1829 1819 
3 1761 1819 1829 
3 1801 1761 1829 
3 1716 1738 1761 
3 1809 1820 1819 
3 1809 1819 1761 
3 1809 1761 1738 
3 1971 1939 1916 
3 1939 1921 1884 
3 1939 1884 1916 
3 1869 1884 1921 
3 1869 1801 1829 
3 1841 1916 1884 
3 1841 1884 1829 
3 1829 1884 1869 
3 844 976 953 
3 1078 1179 1154 
3 987 953 1078 
3 987 1078 1154 
3 1137 987 1154 
3 976 1078 953 
3 1294 1347 1323 
3 1294 1323 1227 
3 1188 1227 1323 
3 1300 1188 1323 
3 1188 1137 1154 
3 1179 1294 1227 
3 1179 1227 1154 
3 1154 1227 1188 
3 1447 1519 1490 
3 1447 1490 1401 
3 1357 1401 1490 
3 1470 1357 1490 
3 1357 1300 1323 
3 1347 1447 1401 
3 1347 1401 1323 
3 1323 1401 1357 
3 1571 1688 1629 
3 1571 1629 1541 
3 1525 1541 1629 
3 1627 1525 1629 
3 1525 1470 1490 
3 1519 1571 1541 
3 1519 1541 1490 
3 1490 1541 1525 
3 1809 1738 1721 
3 1738 1716 1641 
3 1738 1641 1721 
3 1640 1641 1716 
3 1640 1627 1629 
3 1688 1721 1641 
3 1688 1641 1629 
3 1629 1641 1640 
3 98 101 58 
3 72 98 58 
3 98 72 95 
3 72 58 36 
3 95 72 36 
3 205 225 265 
3 205 98 95 
3 146 205 95 
3 163 101 98 
3 163 98 205 
3 163 205 265 
3 265 225 389 
3 992 997 973 
3 972 992 973 
3 992 972 986 
3 972 973 920 
3 986 972 920 
3 1183 1186 1166 
3 1162 1183 1166 
3 1183 1162 1170 
3 1124 992 986 
3 1162 1166 997 
3 992 1162 997 
3 1170 1162 992 
3 1124 1170 992 
3 1275 1183 1170 
3 1318 1186 1183 
3 1318 1183 1275 
3 36 107 95 
3 84 91 105 
3 84 79 83 
3 105 79 84 
3 265 268 147 
3 265 147 163 
3 146 95 147 
3 146 147 268 
3 106 146 268 
3 267 106 268 
3 105 91 106 
3 105 106 111 
3 107 147 95 
3 267 111 106 
3 347 265 389 
3 415 347 389 
3 267 268 415 
3 267 415 407 
3 347 268 265 
3 268 347 415 
3 674 680 654 
3 660 674 654 
3 674 660 629 
3 674 629 657 
3 629 572 610 
3 660 654 625 
3 629 660 625 
3 572 629 625 
3 824 830 732 
3 747 824 732 
3 824 747 749 
3 824 749 819 
3 674 657 749 
3 747 732 680 
3 674 747 680 
3 749 747 674 
3 845 974 986 
3 920 845 986 
3 851 974 845 
3 974 851 862 
3 974 862 971 
3 824 819 862 
3 851 845 830 
3 824 851 830 
3 862 851 824 
3 1124 1168 1170 
3 1124 986 1001 
3 1124 1001 1168 
3 1168 1001 999 
3 1168 999 1165 
3 974 971 999 
3 986 974 1001 
3 999 1001 974 
3 1343 1353 1318 
3 1343 1318 1275 
3 1275 1170 1177 
3 1275 1177 1343 
3 1343 1177 1176 
3 1343 1176 1337 
3 1168 1165 1176 
3 1170 1168 1177 
3 1176 1177 1168 
3 1522 1529 1358 
3 1364 1522 1358 
3 1522 1364 1368 
3 1522 1368 1514 
3 1343 1337 1368 
3 1364 1358 1353 
3 1343 1364 1353 
3 1368 1364 1343 
3 1708 1715 1563 
3 1576 1708 1563 
3 1708 1576 1594 
3 1708 1594 1697 
3 1522 1514 1594 
3 1576 1563 1529 
3 1522 1576 1529 
3 1594 1576 1522 
3 1708 1697 1831 
3 1708 1831 1834 
3 1850 1715 1708 
3 1850 1708 1834 
3 105 102 79 
3 102 83 79 
3 97 83 102 
3 267 263 111 
3 129 105 111 
3 263 129 111 
3 177 129 263 
3 257 177 263 
3 177 97 102 
3 129 102 105 
3 102 129 177 
3 503 506 477 
3 477 267 407 
3 503 477 407 
3 503 407 478 
3 451 257 263 
3 456 451 263 
3 267 477 443 
3 263 267 443 
3 456 263 443 
3 571 572 625 
3 523 610 572 
3 571 523 572 
3 610 523 532 
3 503 478 532 
3 523 571 506 
3 503 523 506 
3 532 523 503 
3 1879 1896 1850 
3 1879 1850 1834 
3 1834 1831 1879 
3 1879 1831 1876 
3 1879 1876 2053 
3 1879 2053 2055 
3 2039 1896 1879 
3 2039 1879 2055 
3 301 312 173 
3 197 301 173 
3 301 197 291 
3 197 173 145 
3 291 197 145 
3 343 456 443 
3 378 451 456 
3 343 378 456 
3 451 378 375 
3 375 301 291 
3 329 375 291 
3 378 343 312 
3 301 378 312 
3 375 378 301 
3 2081 2097 2039 
3 2081 2039 2055 
3 2055 2053 2081 
3 2081 2053 2073 
3 2081 2073 2177 
3 2081 2177 2186 
3 2164 2097 2081 
3 2164 2081 2186 
3 135 287 291 
3 145 135 291 
3 148 287 135 
3 287 148 159 
3 287 159 283 
3 159 122 132 
3 148 135 120 
3 159 148 120 
3 122 159 120 
3 329 291 324 
3 329 324 318 
3 287 283 318 
3 291 287 324 
3 318 324 287 
3 2164 2186 2283 
3 2186 2177 2284 
3 2186 2284 2283 
3 2250 2284 2177 
3 2271 2272 2250 
3 2298 2283 2284 
3 2298 2284 2250 
3 2298 2250 2272 
3 119 122 120 
3 117 132 122 
3 119 117 122 
3 132 117 115 
3 115 127 118 
3 117 119 133 
3 115 117 133 
3 127 115 133 
3 2297 2329 2298 
3 2297 2298 2272 
3 2272 2271 2297 
3 2297 2271 2287 
3 2297 2287 2312 
3 2297 2312 2359 
3 2360 2329 2297 
3 2360 2297 2359 
3 131 127 133 
3 121 118 127 
3 131 121 127 
3 118 121 116 
3 116 137 162 
3 121 131 138 
3 116 121 138 
3 137 116 138 
3 2360 2359 2366 
3 2359 2312 2332 
3 2359 2332 2366 
3 2328 2332 2312 
3 2353 2373 2328 
3 2378 2366 2332 
3 2378 2332 2328 
3 2378 2328 2373 
3 142 137 138 
3 180 162 137 
3 142 180 137 
3 162 180 167 
3 167 226 236 
3 180 142 217 
3 167 180 217 
3 226 167 217 
3 2369 2358 2363 
3 2369 2363 2367 
3 2336 2367 2363 
3 2345 2336 2363 
3 2335 2338 2336 
3 2368 2369 2367 
3 2368 2367 2336 
3 2368 2336 2338 
3 2378 2373 2377 
3 2373 2353 2354 
3 2373 2354 2377 
3 2350 2354 2353 
3 2350 2345 2363 
3 2358 2377 2354 
3 2358 2354 2363 
3 2363 2354 2350 
3 299 226 217 
3 296 236 226 
3 299 296 226 
3 236 296 361 
3 361 362 370 
3 296 299 350 
3 361 296 350 
3 362 361 350 
3 2368 2338 2323 
3 2338 2335 2301 
3 2338 2301 2323 
3 2277 2301 2335 
3 2239 2265 2277 
3 2293 2323 2301 
3 2293 2301 2277 
3 2293 2277 2265 
3 350 424 412 
3 362 350 412 
3 412 370 362 
3 377 370 412 
3 489 377 412 
3 480 489 412 
3 412 424 492 
3 480 412 492 
3 2187 2206 2196 
3 2187 2196 2184 
3 2153 2184 2196 
3 2173 2153 2196 
3 2138 2139 2153 
3 2162 2187 2184 
3 2162 2184 2153 
3 2162 2153 2139 
3 2293 2265 2248 
3 2265 2239 2224 
3 2265 2224 2248 
3 2218 2224 2239 
3 2218 2173 2196 
3 2206 2248 2224 
3 2206 2224 2196 
3 2196 2224 2218 
3 598 480 492 
3 587 489 480 
3 598 587 480 
3 489 587 626 
3 489 626 615 
3 587 598 636 
3 626 587 636 
3 651 615 626 
3 2030 2035 2033 
3 2030 2033 2021 
3 1981 2021 2033 
3 1997 1981 2033 
3 1971 1974 1981 
3 2019 2030 2021 
3 2019 2021 1981 
3 2019 1981 1974 
3 2162 2139 2096 
3 2139 2138 2091 
3 2139 2091 2096 
3 2072 2091 2138 
3 2072 1997 2033 
3 2035 2096 2091 
3 2035 2091 2033 
3 2033 2091 2072 
3 636 658 626 
3 703 827 825 
3 651 626 703 
3 651 703 825 
3 815 651 825 
3 658 703 626 
3 844 815 825 
3 867 844 825 
3 825 827 874 
3 867 825 874 
3 1867 1881 1877 
3 1867 1877 1865 
3 1820 1865 1877 
3 1841 1820 1877 
3 1809 1811 1820 
3 1833 1867 1865 
3 1833 1865 1820 
3 1833 1820 1811 
3 2019 1974 1933 
3 1974 1971 1924 
3 1974 1924 1933 
3 1916 1924 1971 
3 1916 1841 1877 
3 1881 1933 1924 
3 1881 1924 1877 
3 1877 1924 1916 
3 874 1004 983 
3 867 874 983 
3 983 844 867 
3 976 844 983 
3 1093 1193 1190 
3 1093 1190 1091 
3 1078 1091 1190 
3 1179 1078 1190 
3 1078 976 983 
3 1004 1093 1091 
3 1004 1091 983 
3 983 1091 1078 
3 1314 1367 1362 
3 1314 1362 1321 
3 1294 1321 1362 
3 1347 1294 1362 
3 1294 1179 1190 
3 1193 1314 1321 
3 1193 1321 1190 
3 1190 1321 1294 
3 1475 1531 1527 
3 1475 1527 1477 
3 1447 1477 1527 
3 1519 1447 1527 
3 1447 1347 1362 
3 1367 1475 1477 
3 1367 1477 1362 
3 1362 1477 1447 
3 1582 1709 1699 
3 1582 1699 1579 
3 1571 1579 1699 
3 1688 1571 1699 
3 1571 1519 1527 
3 1531 1582 1579 
3 1531 1579 1527 
3 1527 1579 1571 
3 1833 1811 1733 
3 1811 1809 1727 
3 1811 1727 1733 
3 1721 1727 1809 
3 1721 1688 1699 
3 1709 1733 1727 
3 1709 1727 1699 
3 1699 1727 1721 
3 38 39 30 
3 33 38 30 
3 38 33 37 
3 33 30 26 
3 37 33 26 
3 75 38 37 
3 104 39 38 
3 104 38 75 
3 16 35 37 
3 26 16 37 
3 24 35 16 
3 35 24 31 
3 24 16 21 
3 31 24 21 
3 104 75 96 
3 75 37 96 
3 58 101 109 
3 58 35 31 
3 36 58 31 
3 80 96 37 
3 80 37 35 
3 80 35 58 
3 80 58 109 
3 109 101 163 
3 1027 1031 1012 
3 1003 1027 1012 
3 1027 1003 973 
3 1027 973 997 
3 973 897 920 
3 1003 1012 919 
3 973 1003 919 
3 897 973 919 
3 1205 1207 1191 
3 1189 1205 1191 
3 1205 1189 1166 
3 1205 1166 1186 
3 1027 997 1166 
3 1189 1191 1031 
3 1027 1189 1031 
3 1166 1189 1027 
3 1377 1380 1376 
3 1373 1377 1376 
3 1377 1373 1365 
3 1205 1186 1318 
3 1205 1318 1333 
3 1373 1376 1207 
3 1205 1373 1207 
3 1365 1373 1205 
3 1333 1365 1205 
3 1445 1377 1365 
3 1387 1380 1377 
3 1387 1377 1445 
3 21 42 31 
3 109 108 61 
3 109 61 80 
3 36 31 61 
3 36 61 108 
3 107 36 108 
3 42 61 31 
3 124 109 163 
3 147 124 163 
3 147 107 108 
3 124 108 109 
3 108 124 147 
3 697 700 667 
3 670 697 667 
3 697 670 654 
3 697 654 680 
3 654 637 625 
3 670 667 573 
3 654 670 573 
3 637 654 573 
3 832 847 777 
3 731 832 777 
3 832 731 732 
3 832 732 830 
3 697 680 732 
3 731 777 700 
3 697 731 700 
3 732 731 697 
3 869 897 919 
3 841 920 897 
3 869 841 897 
3 920 841 845 
3 832 830 845 
3 841 869 847 
3 832 841 847 
3 845 841 832 
3 1333 1354 1365 
3 1333 1318 1354 
3 1354 1318 1353 
3 1532 1549 1387 
3 1532 1387 1445 
3 1445 1365 1360 
3 1445 1360 1532 
3 1532 1360 1358 
3 1532 1358 1529 
3 1354 1353 1358 
3 1365 1354 1360 
3 1358 1360 1354 
3 1725 1732 1631 
3 1558 1725 1631 
3 1725 1558 1563 
3 1725 1563 1715 
3 1532 1529 1563 
3 1558 1631 1549 
3 1532 1558 1549 
3 1563 1558 1532 
3 1725 1715 1850 
3 1725 1850 1848 
3 1839 1732 1725 
3 1839 1725 1848 
3 339 345 311 
3 303 339 311 
3 339 303 321 
3 303 311 258 
3 321 303 258 
3 519 530 427 
3 420 519 427 
3 519 420 477 
3 519 477 506 
3 477 339 321 
3 443 477 321 
3 420 427 345 
3 339 420 345 
3 477 420 339 
3 555 637 573 
3 574 625 637 
3 555 574 637 
3 625 574 571 
3 519 506 571 
3 574 555 530 
3 519 574 530 
3 571 574 519 
3 1904 1925 1839 
3 1904 1839 1848 
3 1848 1850 1904 
3 1904 1850 1896 
3 1904 1896 2039 
3 1904 2039 2026 
3 2051 1925 1904 
3 2051 1904 2026 
3 194 314 321 
3 258 194 321 
3 172 314 194 
3 314 172 173 
3 314 173 312 
3 173 152 145 
3 172 194 166 
3 173 172 166 
3 152 173 166 
3 443 321 334 
3 443 334 343 
3 314 312 343 
3 321 314 334 
3 343 334 314 
3 2120 2129 2051 
3 2120 2051 2026 
3 2026 2039 2120 
3 2120 2039 2097 
3 2120 2097 2164 
3 2120 2164 2192 
3 2210 2129 2120 
3 2210 2120 2192 
3 157 152 166 
3 136 145 152 
3 157 136 152 
3 145 136 135 
3 135 154 120 
3 136 157 160 
3 135 136 160 
3 154 135 160 
3 2210 2192 2280 
3 2192 2164 2281 
3 2192 2281 2280 
3 2283 2281 2164 
3 2298 2299 2283 
3 2318 2280 2281 
3 2318 2281 2283 
3 2318 2283 2299 
3 158 154 160 
3 123 120 154 
3 158 123 154 
3 120 123 119 
3 119 165 133 
3 123 158 168 
3 119 123 168 
3 165 119 168 
3 2355 2361 2318 
3 2355 2318 2299 
3 2299 2298 2355 
3 2355 2298 2329 
3 2355 2329 2360 
3 2355 2360 2393 
3 2395 2361 2355 
3 2395 2355 2393 
3 170 165 168 
3 126 133 165 
3 170 126 165 
3 133 126 131 
3 131 179 138 
3 126 170 208 
3 131 126 208 
3 179 131 208 
3 2395 2393 2402 
3 2393 2360 2371 
3 2393 2371 2402 
3 2366 2371 2360 
3 2378 2413 2366 
3 2416 2402 2371 
3 2416 2371 2366 
3 2416 2366 2413 
3 210 179 208 
3 144 138 179 
3 210 144 179 
3 138 144 142 
3 142 275 217 
3 144 210 300 
3 142 144 300 
3 275 142 300 
3 2407 2409 2386 
3 2407 2386 2404 
3 2369 2404 2386 
3 2358 2369 2386 
3 2368 2372 2369 
3 2405 2407 2404 
3 2405 2404 2369 
3 2405 2369 2372 
3 2416 2413 2414 
3 2413 2378 2379 
3 2413 2379 2414 
3 2377 2379 2378 
3 2377 2358 2386 
3 2409 2414 2379 
3 2409 2379 2386 
3 2386 2379 2377 
3 354 275 300 
3 331 217 275 
3 354 331 275 
3 217 331 299 
3 299 355 350 
3 331 354 387 
3 299 331 387 
3 355 299 387 
3 2405 2372 2365 
3 2372 2368 2357 
3 2372 2357 2365 
3 2323 2357 2368 
3 2293 2306 2323 
3 2342 2365 2357 
3 2342 2357 2323 
3 2342 2323 2306 
3 387 459 442 
3 355 387 442 
3 442 350 355 
3 424 350 442 
3 492 424 442 
3 522 492 442 
3 442 459 546 
3 522 442 546 
3 2229 2236 2226 
3 2229 2226 2227 
3 2187 2227 2226 
3 2206 2187 2226 
3 2162 2169 2187 
3 2216 2229 2227 
3 2216 2227 2187 
3 2216 2187 2169 
3 2342 2306 2294 
3 2306 2293 2269 
3 2306 2269 2294 
3 2248 2269 2293 
3 2248 2206 2226 
3 2236 2294 2269 
3 2236 2269 2226 
3 2226 2269 2248 
3 546 676 673 
3 522 546 673 
3 673 492 522 
3 598 492 673 
3 655 598 673 
3 598 643 636 
3 655 643 598 
3 655 673 702 
3 673 676 715 
3 702 673 715 
3 2062 2071 2066 
3 2062 2066 2059 
3 2030 2059 2066 
3 2035 2030 2066 
3 2019 2022 2030 
3 2044 2062 2059 
3 2044 2059 2030 
3 2044 2030 2022 
3 2216 2169 2135 
3 2169 2162 2118 
3 2169 2118 2135 
3 2096 2118 2162 
3 2096 2035 2066 
3 2071 2135 2118 
3 2071 2118 2066 
3 2066 2118 2096 
3 655 656 643 
3 656 636 643 
3 658 636 656 
3 715 838 835 
3 702 715 835 
3 701 655 702 
3 835 701 702 
3 703 701 835 
3 827 703 835 
3 703 658 656 
3 701 656 655 
3 656 701 703 
3 969 1024 1022 
3 969 1022 996 
3 1020 996 1022 
3 874 827 835 
3 944 874 835 
3 838 969 996 
3 838 996 835 
3 835 996 1020 
3 835 1020 944 
3 1020 1022 1040 
3 1022 1024 1080 
3 1040 1022 1080 
3 1901 1907 1906 
3 1901 1906 1899 
3 1867 1899 1906 
3 1881 1867 1906 
3 1833 1846 1867 
3 1890 1901 1899 
3 1890 1899 1867 
3 1890 1867 1846 
3 2044 2022 1966 
3 2022 2019 1951 
3 2022 1951 1966 
3 1933 1951 2019 
3 1933 1881 1906 
3 1907 1966 1951 
3 1907 1951 1906 
3 1906 1951 1933 
3 1020 1009 944 
3 1009 874 944 
3 1004 874 1009 
3 1080 1212 1200 
3 1040 1080 1200 
3 1055 1020 1040 
3 1200 1055 1040 
3 1093 1055 1200 
3 1193 1093 1200 
3 1093 1004 1009 
3 1055 1009 1020 
3 1009 1055 1093 
3 1329 1388 1381 
3 1329 1381 1296 
3 1314 1296 1381 
3 1367 1314 1381 
3 1314 1193 1200 
3 1212 1329 1296 
3 1212 1296 1200 
3 1200 1296 1314 
3 1509 1555 1539 
3 1509 1539 1493 
3 1475 1493 1539 
3 1531 1475 1539 
3 1475 1367 1381 
3 1388 1509 1493 
3 1388 1493 1381 
3 1381 1493 1475 
3 1621 1731 1718 
3 1621 1718 1605 
3 1582 1605 1718 
3 1709 1582 1718 
3 1582 1531 1539 
3 1555 1621 1605 
3 1555 1605 1539 
3 1539 1605 1582 
3 1890 1846 1771 
3 1846 1833 1737 
3 1846 1737 1771 
3 1733 1737 1833 
3 1733 1709 1718 
3 1731 1771 1737 
3 1731 1737 1718 
3 1718 1737 1733 
3 43 46 27 
3 28 43 27 
3 43 28 30 
3 43 30 39 
3 30 7 26 
3 28 27 4 
3 30 28 4 
3 7 30 4 
3 43 39 104 
3 43 104 87 
3 64 46 43 
3 64 43 87 
3 4 51 49 
3 7 4 49 
3 49 26 7 
3 16 26 49 
3 48 16 49 
3 16 10 21 
3 48 10 16 
3 64 87 66 
3 87 104 69 
3 87 69 66 
3 96 69 104 
3 48 49 96 
3 48 96 80 
3 51 66 69 
3 51 69 49 
3 49 69 96 
3 1051 1053 1049 
3 1048 1051 1049 
3 1051 1048 1012 
3 1051 1012 1031 
3 1012 981 919 
3 1048 1049 993 
3 1012 1048 993 
3 981 1012 993 
3 1191 1207 1224 
3 1051 1031 1191 
3 1077 1053 1051 
3 1077 1051 1191 
3 1077 1191 1224 
3 1376 1380 1382 
3 1224 1207 1376 
3 1224 1376 1315 
3 1382 1315 1376 
3 1382 1380 1387 
3 48 44 10 
3 44 21 10 
3 42 21 44 
3 56 48 80 
3 61 56 80 
3 61 42 44 
3 56 44 48 
3 44 56 61 
3 713 720 708 
3 699 713 708 
3 713 699 667 
3 713 667 700 
3 667 619 573 
3 699 708 683 
3 667 699 683 
3 619 667 683 
3 853 877 823 
3 792 853 823 
3 853 792 777 
3 853 777 847 
3 713 700 777 
3 792 823 720 
3 713 792 720 
3 777 792 713 
3 916 981 993 
3 871 919 981 
3 916 871 981 
3 919 871 869 
3 853 847 869 
3 871 916 877 
3 853 871 877 
3 869 871 853 
3 1224 1226 1077 
3 1382 1395 1247 
3 1382 1247 1315 
3 1247 1224 1315 
3 1224 1247 1226 
3 1560 1568 1466 
3 1466 1382 1387 
3 1560 1466 1387 
3 1560 1387 1549 
3 1382 1466 1395 
3 1744 1751 1685 
3 1686 1744 1685 
3 1744 1686 1631 
3 1744 1631 1732 
3 1560 1549 1631 
3 1686 1685 1568 
3 1560 1686 1568 
3 1631 1686 1560 
3 1744 1732 1839 
3 1744 1839 1863 
3 1870 1751 1744 
3 1870 1744 1863 
3 311 345 363 
3 311 279 258 
3 363 279 311 
3 542 568 501 
3 468 542 501 
3 542 468 427 
3 542 427 530 
3 363 345 427 
3 363 427 403 
3 468 501 425 
3 427 468 425 
3 403 427 425 
3 609 619 683 
3 556 573 619 
3 609 556 619 
3 573 556 555 
3 542 530 555 
3 556 609 568 
3 542 556 568 
3 555 556 542 
3 1931 1947 1870 
3 1931 1870 1863 
3 1863 1839 1931 
3 1931 1839 1925 
3 1931 1925 2051 
3 1931 2051 2068 
3 2104 1947 1931 
3 2104 1931 2068 
3 363 376 323 
3 363 323 279 
3 270 258 279 
3 323 270 279 
3 258 270 194 
3 194 231 166 
3 270 323 273 
3 194 270 273 
3 231 194 273 
3 396 403 425 
3 396 363 403 
3 363 396 376 
3 2136 2154 2104 
3 2136 2104 2068 
3 2068 2051 2136 
3 2136 2051 2129 
3 2136 2129 2210 
3 2136 2210 2234 
3 2219 2154 2136 
3 2219 2136 2234 
3 238 231 273 
3 182 166 231 
3 238 182 231 
3 166 182 157 
3 157 181 160 
3 182 238 192 
3 157 182 192 
3 181 157 192 
3 2219 2234 2305 
3 2234 2210 2314 
3 2234 2314 2305 
3 2280 2314 2210 
3 2318 2327 2280 
3 2362 2305 2314 
3 2362 2314 2280 
3 2362 2280 2327 
3 187 181 192 
3 164 160 181 
3 187 164 181 
3 160 164 158 
3 158 195 168 
3 164 187 204 
3 158 164 204 
3 195 158 204 
3 2376 2406 2362 
3 2376 2362 2327 
3 2327 2318 2376 
3 2376 2318 2361 
3 2376 2361 2395 
3 2376 2395 2419 
3 2421 2406 2376 
3 2421 2376 2419 
3 221 195 204 
3 175 168 195 
3 221 175 195 
3 168 175 170 
3 170 308 208 
3 175 221 349 
3 170 175 349 
3 308 170 349 
3 2426 2415 2423 
3 2426 2423 2424 
3 2429 2424 2423 
3 2425 2426 2424 
3 2425 2424 2429 
3 2421 2419 2420 
3 2419 2395 2418 
3 2419 2418 2420 
3 2402 2418 2395 
3 2429 2423 2402 
3 2429 2402 2416 
3 2415 2420 2418 
3 2415 2418 2423 
3 2423 2418 2402 
3 372 308 349 
3 332 208 308 
3 372 332 308 
3 208 332 210 
3 210 344 300 
3 332 372 391 
3 210 332 391 
3 344 210 391 
3 2429 2428 2403 
3 2429 2403 2425 
3 2403 2428 2411 
3 2407 2411 2428 
3 2409 2407 2428 
3 2405 2408 2407 
3 2397 2403 2411 
3 2397 2411 2407 
3 2397 2407 2408 
3 2417 2429 2416 
3 2414 2417 2416 
3 2414 2409 2428 
3 2417 2428 2429 
3 2428 2417 2414 
3 391 485 484 
3 344 391 484 
3 484 300 344 
3 354 300 484 
3 483 354 484 
3 354 401 387 
3 483 401 354 
3 483 484 486 
3 484 485 487 
3 486 484 487 
3 2397 2408 2381 
3 2408 2405 2387 
3 2408 2387 2381 
3 2365 2387 2405 
3 2342 2339 2365 
3 2351 2381 2387 
3 2351 2387 2365 
3 2351 2365 2339 
3 483 467 401 
3 467 387 401 
3 459 387 467 
3 490 486 487 
3 490 483 486 
3 546 459 467 
3 591 546 467 
3 483 490 641 
3 467 483 641 
3 591 467 641 
3 2261 2270 2267 
3 2261 2267 2257 
3 2229 2257 2267 
3 2236 2229 2267 
3 2216 2223 2229 
3 2247 2261 2257 
3 2247 2257 2229 
3 2247 2229 2223 
3 2351 2339 2326 
3 2339 2342 2292 
3 2339 2292 2326 
3 2294 2292 2342 
3 2294 2236 2267 
3 2270 2326 2292 
3 2270 2292 2267 
3 2267 2292 2294 
3 641 698 681 
3 591 641 681 
3 681 546 591 
3 676 546 681 
3 715 676 681 
3 762 715 681 
3 681 698 829 
3 762 681 829 
3 2103 2106 2105 
3 2103 2105 2102 
3 2062 2102 2105 
3 2071 2062 2105 
3 2044 2050 2062 
3 2098 2103 2102 
3 2098 2102 2062 
3 2098 2062 2050 
3 2247 2223 2194 
3 2223 2216 2163 
3 2223 2163 2194 
3 2135 2163 2216 
3 2135 2071 2105 
3 2106 2194 2163 
3 2106 2163 2105 
3 2105 2163 2135 
3 829 863 842 
3 762 829 842 
3 842 715 762 
3 838 715 842 
3 1043 1024 969 
3 969 838 842 
3 842 863 1023 
3 969 842 1023 
3 1043 969 1023 
3 1080 1024 1043 
3 1908 1926 1923 
3 1908 1923 1903 
3 1901 1903 1923 
3 1907 1901 1923 
3 1890 1893 1901 
3 1859 1908 1903 
3 1859 1903 1901 
3 1859 1901 1893 
3 2098 2050 2014 
3 2050 2044 1978 
3 2050 1978 2014 
3 1966 1978 2044 
3 1966 1907 1923 
3 1926 2014 1978 
3 1926 1978 1923 
3 1923 1978 1966 
3 1023 1054 1043 
3 1087 1244 1220 
3 1080 1043 1087 
3 1080 1087 1220 
3 1212 1080 1220 
3 1054 1087 1043 
3 1372 1410 1399 
3 1372 1399 1379 
3 1329 1379 1399 
3 1388 1329 1399 
3 1329 1212 1220 
3 1244 1372 1379 
3 1244 1379 1220 
3 1220 1379 1329 
3 1535 1573 1567 
3 1535 1567 1524 
3 1509 1524 1567 
3 1555 1509 1567 
3 1509 1388 1399 
3 1410 1535 1524 
3 1410 1524 1399 
3 1399 1524 1509 
3 1671 1747 1735 
3 1671 1735 1665 
3 1621 1665 1735 
3 1731 1621 1735 
3 1621 1555 1567 
3 1573 1671 1665 
3 1573 1665 1567 
3 1567 1665 1621 
3 1859 1893 1776 
3 1893 1890 1783 
3 1893 1783 1776 
3 1771 1783 1890 
3 1771 1731 1735 
3 1747 1776 1783 
3 1747 1783 1735 
3 1735 1783 1771 
3 6 8 5 
3 2 6 5 
3 6 2 0 
3 2 5 1 
3 0 2 1 
3 52 57 25 
3 23 52 25 
3 52 23 27 
3 52 27 46 
3 27 6 0 
3 4 27 0 
3 23 25 8 
3 6 23 8 
3 27 23 6 
3 52 46 64 
3 52 64 68 
3 71 57 52 
3 71 52 68 
3 1 9 0 
3 41 59 55 
3 4 0 41 
3 4 41 55 
3 51 4 55 
3 9 41 0 
3 71 68 73 
3 68 64 62 
3 68 62 73 
3 66 62 64 
3 66 51 55 
3 59 73 62 
3 59 62 55 
3 55 62 66 
3 1049 1053 1083 
3 1049 1005 993 
3 1083 1005 1049 
3 1083 1053 1077 
3 708 720 764 
3 708 696 683 
3 764 696 708 
3 902 917 843 
3 836 902 843 
3 902 836 823 
3 902 823 877 
3 764 720 823 
3 764 823 775 
3 836 843 791 
3 823 836 791 
3 775 823 791 
3 1083 1099 982 
3 1083 982 1005 
3 963 993 1005 
3 982 963 1005 
3 993 963 916 
3 902 877 916 
3 963 982 917 
3 902 963 917 
3 916 963 902 
3 1230 1271 1121 
3 1121 1083 1077 
3 1230 1121 1077 
3 1230 1077 1226 
3 1083 1121 1099 
3 1398 1442 1282 
3 1252 1398 1282 
3 1398 1252 1247 
3 1398 1247 1395 
3 1230 1226 1247 
3 1252 1282 1271 
3 1230 1252 1271 
3 1247 1252 1230 
3 1577 1603 1505 
3 1463 1577 1505 
3 1577 1463 1466 
3 1577 1466 1568 
3 1398 1395 1466 
3 1463 1505 1442 
3 1398 1463 1442 
3 1466 1463 1398 
3 1777 1785 1726 
3 1712 1777 1726 
3 1777 1712 1685 
3 1777 1685 1751 
3 1577 1568 1685 
3 1712 1726 1603 
3 1577 1712 1603 
3 1685 1712 1577 
3 1777 1751 1870 
3 1777 1870 1880 
3 1862 1785 1777 
3 1862 1777 1880 
3 590 601 548 
3 557 590 548 
3 590 557 501 
3 590 501 568 
3 501 470 425 
3 557 548 512 
3 501 557 512 
3 470 501 512 
3 764 771 664 
3 764 664 696 
3 630 683 696 
3 664 630 696 
3 683 630 609 
3 590 568 609 
3 630 664 601 
3 590 630 601 
3 609 630 590 
3 794 775 791 
3 794 764 775 
3 764 794 771 
3 1955 1980 1862 
3 1955 1862 1880 
3 1880 1870 1955 
3 1955 1870 1947 
3 1955 1947 2104 
3 1955 2104 2110 
3 2086 1980 1955 
3 2086 1955 2110 
3 388 416 379 
3 371 388 379 
3 388 371 323 
3 388 323 376 
3 323 326 273 
3 371 379 359 
3 323 371 359 
3 326 323 359 
3 458 470 512 
3 411 425 470 
3 458 411 470 
3 425 411 396 
3 388 376 396 
3 411 458 416 
3 388 411 416 
3 396 411 388 
3 2086 2110 2190 
3 2110 2104 2195 
3 2110 2195 2190 
3 2205 2195 2104 
3 2154 2205 2104 
3 2200 2190 2195 
3 2200 2195 2205 
3 2205 2154 2219 
3 316 326 359 
3 242 273 326 
3 316 242 326 
3 273 242 238 
3 238 214 192 
3 242 316 227 
3 238 242 227 
3 214 238 227 
3 2205 2207 2200 
3 2268 2205 2219 
3 2305 2268 2219 
3 2362 2348 2305 
3 2264 2207 2205 
3 2264 2205 2268 
3 2264 2268 2305 
3 2264 2305 2348 
3 183 207 176 
3 134 183 176 
3 183 134 198 
3 134 176 139 
3 198 134 139 
3 223 214 227 
3 200 192 214 
3 223 200 214 
3 192 200 187 
3 187 183 198 
3 204 187 198 
3 200 223 207 
3 183 200 207 
3 187 200 183 
3 2264 2348 2275 
3 2348 2362 2352 
3 2348 2352 2275 
3 2410 2352 2362 
3 2406 2410 2362 
3 2296 2275 2352 
3 2296 2352 2410 
3 2410 2406 2421 
3 139 252 198 
3 204 198 240 
3 204 240 221 
3 221 352 349 
3 198 252 367 
3 240 198 367 
3 221 240 367 
3 352 221 367 
3 2410 2412 2370 
3 2410 2370 2296 
3 2370 2412 2384 
3 2426 2384 2412 
3 2415 2426 2412 
3 2425 2427 2426 
3 2383 2370 2384 
3 2383 2384 2426 
3 2383 2426 2427 
3 2422 2410 2421 
3 2420 2422 2421 
3 2420 2415 2412 
3 2422 2412 2410 
3 2412 2422 2420 
3 419 352 367 
3 392 349 352 
3 419 392 352 
3 349 392 372 
3 372 413 391 
3 392 419 448 
3 372 392 448 
3 413 372 448 
3 2383 2427 2391 
3 2427 2425 2389 
3 2427 2389 2391 
3 2403 2389 2425 
3 2397 2390 2403 
3 2398 2391 2389 
3 2398 2389 2403 
3 2398 2403 2390 
3 448 513 508 
3 413 448 508 
3 508 391 413 
3 485 391 508 
3 487 485 508 
3 543 487 508 
3 508 513 550 
3 543 508 550 
3 2398 2390 2400 
3 2390 2397 2394 
3 2390 2394 2400 
3 2381 2394 2397 
3 2351 2356 2381 
3 2364 2400 2394 
3 2364 2394 2381 
3 2364 2381 2356 
3 576 543 550 
3 491 487 543 
3 576 491 543 
3 487 491 490 
3 490 644 641 
3 491 576 677 
3 490 491 677 
3 644 490 677 
3 2266 2300 2286 
3 2266 2286 2273 
3 2261 2273 2286 
3 2270 2261 2286 
3 2247 2253 2261 
3 2254 2266 2273 
3 2254 2273 2261 
3 2254 2261 2253 
3 2364 2356 2346 
3 2356 2351 2341 
3 2356 2341 2346 
3 2326 2341 2351 
3 2326 2270 2286 
3 2300 2346 2341 
3 2300 2341 2286 
3 2286 2341 2326 
3 677 712 707 
3 644 677 707 
3 707 641 644 
3 698 641 707 
3 829 698 707 
3 817 829 707 
3 707 712 834 
3 817 707 834 
3 2128 2132 2131 
3 2128 2131 2127 
3 2103 2127 2131 
3 2106 2103 2131 
3 2098 2099 2103 
3 2123 2128 2127 
3 2123 2127 2103 
3 2123 2103 2099 
3 2254 2253 2201 
3 2253 2247 2197 
3 2253 2197 2201 
3 2194 2197 2247 
3 2194 2106 2131 
3 2132 2201 2197 
3 2132 2197 2131 
3 2131 2197 2194 
3 834 907 875 
3 817 834 875 
3 875 829 817 
3 863 829 875 
3 1023 863 875 
3 1033 1023 875 
3 875 907 1046 
3 1033 875 1046 
3 1767 1774 1773 
3 1767 1773 1765 
3 1754 1765 1773 
3 1755 1767 1765 
3 1755 1765 1754 
3 1914 1949 1945 
3 1914 1945 1910 
3 1908 1910 1945 
3 1926 1908 1945 
3 1754 1773 1908 
3 1754 1908 1859 
3 1774 1914 1910 
3 1774 1910 1773 
3 1773 1910 1908 
3 2123 2099 2052 
3 2099 2098 2045 
3 2099 2045 2052 
3 2014 2045 2098 
3 2014 1926 1945 
3 1949 2052 2045 
3 1949 2045 1945 
3 1945 2045 2014 
3 1046 1100 1056 
3 1033 1046 1056 
3 1056 1023 1033 
3 1054 1023 1056 
3 1136 1278 1265 
3 1136 1265 1092 
3 1087 1092 1265 
3 1244 1087 1265 
3 1087 1054 1056 
3 1100 1136 1092 
3 1100 1092 1056 
3 1056 1092 1087 
3 1335 1448 1439 
3 1335 1439 1363 
3 1372 1363 1439 
3 1410 1372 1439 
3 1372 1244 1265 
3 1278 1335 1363 
3 1278 1363 1265 
3 1265 1363 1372 
3 1521 1601 1592 
3 1521 1592 1530 
3 1535 1530 1592 
3 1573 1535 1592 
3 1535 1410 1439 
3 1448 1521 1530 
3 1448 1530 1439 
3 1439 1530 1535 
3 1754 1749 1638 
3 1754 1638 1755 
3 1638 1749 1669 
3 1671 1669 1749 
3 1747 1671 1749 
3 1671 1573 1592 
3 1601 1638 1669 
3 1601 1669 1592 
3 1592 1669 1671 
3 1762 1754 1859 
3 1776 1762 1859 
3 1776 1747 1749 
3 1762 1749 1754 
3 1749 1762 1776 
3 15 17 13 
3 11 15 13 
3 15 11 5 
3 15 5 8 
3 5 3 1 
3 11 13 12 
3 5 11 12 
3 3 5 12 
3 60 70 34 
3 29 60 34 
3 60 29 25 
3 60 25 57 
3 15 8 25 
3 29 34 17 
3 15 29 17 
3 25 29 15 
3 60 57 71 
3 60 71 86 
3 94 70 60 
3 94 60 86 
3 12 20 18 
3 3 12 18 
3 18 1 3 
3 9 1 18 
3 54 77 65 
3 54 65 45 
3 41 45 65 
3 59 41 65 
3 41 9 18 
3 20 54 45 
3 20 45 18 
3 18 45 41 
3 94 86 85 
3 86 71 76 
3 86 76 85 
3 73 76 71 
3 73 59 65 
3 77 85 76 
3 77 76 65 
3 65 76 73 
3 801 804 795 
3 797 801 795 
3 801 797 803 
3 797 795 765 
3 803 797 765 
3 955 962 942 
3 938 955 942 
3 955 938 843 
3 955 843 917 
3 843 801 803 
3 791 843 803 
3 938 942 804 
3 801 938 804 
3 843 938 801 
3 1105 1143 1085 
3 995 1105 1085 
3 1105 995 982 
3 1105 982 1099 
3 955 917 982 
3 995 1085 962 
3 955 995 962 
3 982 995 955 
3 1274 1309 1206 
3 1144 1274 1206 
3 1274 1144 1121 
3 1274 1121 1271 
3 1105 1099 1121 
3 1144 1206 1143 
3 1105 1144 1143 
3 1121 1144 1105 
3 1450 1476 1390 
3 1342 1450 1390 
3 1450 1342 1282 
3 1450 1282 1442 
3 1274 1271 1282 
3 1342 1390 1309 
3 1274 1342 1309 
3 1282 1342 1274 
3 1505 1603 1648 
3 1450 1442 1505 
3 1646 1476 1450 
3 1646 1450 1505 
3 1646 1505 1648 
3 1726 1785 1803 
3 1648 1603 1726 
3 1648 1726 1651 
3 1803 1651 1726 
3 1803 1785 1862 
3 613 627 517 
3 547 613 517 
3 613 547 548 
3 613 548 601 
3 548 525 512 
3 547 517 521 
3 548 547 521 
3 525 548 521 
3 642 778 803 
3 765 642 803 
3 675 778 642 
3 778 675 664 
3 778 664 771 
3 613 601 664 
3 675 642 627 
3 613 675 627 
3 664 675 613 
3 791 803 806 
3 791 806 794 
3 778 771 794 
3 803 778 806 
3 794 806 778 
3 1648 1650 1646 
3 1803 1828 1653 
3 1803 1653 1651 
3 1653 1648 1651 
3 1648 1653 1650 
3 1938 1803 1862 
3 2016 1938 1862 
3 1980 2016 1862 
3 1930 1828 1803 
3 1930 1803 1938 
3 1930 1938 2016 
3 2016 1980 2086 
3 440 460 450 
3 441 440 450 
3 440 441 379 
3 440 379 416 
3 379 374 359 
3 441 450 446 
3 379 441 446 
3 374 379 446 
3 502 525 521 
3 482 512 525 
3 502 482 525 
3 512 482 458 
3 440 416 458 
3 482 502 460 
3 440 482 460 
3 458 482 440 
3 2016 2036 1930 
3 2095 2016 2086 
3 2190 2095 2086 
3 2200 2191 2190 
3 2067 2036 2016 
3 2067 2016 2095 
3 2067 2095 2190 
3 2067 2190 2191 
3 368 374 446 
3 340 359 374 
3 368 340 374 
3 359 340 316 
3 316 286 227 
3 340 368 295 
3 316 340 295 
3 286 316 295 
3 2067 2191 2080 
3 2191 2200 2157 
3 2191 2157 2080 
3 2228 2157 2200 
3 2207 2228 2200 
3 2152 2080 2157 
3 2152 2157 2228 
3 2228 2207 2264 
3 274 276 282 
3 280 274 282 
3 274 280 176 
3 274 176 207 
3 176 202 139 
3 280 282 281 
3 176 280 281 
3 202 176 281 
3 292 286 295 
3 230 227 286 
3 292 230 286 
3 227 230 223 
3 274 207 223 
3 230 292 276 
3 274 230 276 
3 223 230 274 
3 2228 2260 2152 
3 2245 2228 2264 
3 2275 2245 2264 
3 2296 2288 2275 
3 2290 2260 2228 
3 2290 2228 2245 
3 2290 2245 2275 
3 2290 2275 2288 
3 281 315 317 
3 202 281 317 
3 317 139 202 
3 252 139 317 
3 367 252 317 
3 333 367 317 
3 317 315 348 
3 333 317 348 
3 2290 2288 2324 
3 2288 2296 2317 
3 2288 2317 2324 
3 2370 2317 2296 
3 2383 2380 2370 
3 2375 2324 2317 
3 2375 2317 2370 
3 2375 2370 2380 
3 365 333 348 
3 341 367 333 
3 365 341 333 
3 367 341 419 
3 419 462 448 
3 341 365 499 
3 419 341 499 
3 462 419 499 
3 2375 2380 2374 
3 2380 2383 2399 
3 2380 2399 2374 
3 2391 2399 2383 
3 2398 2401 2391 
3 2396 2374 2399 
3 2396 2399 2391 
3 2396 2391 2401 
3 499 544 526 
3 462 499 526 
3 526 448 462 
3 513 448 526 
3 550 513 526 
3 606 550 526 
3 526 544 646 
3 606 526 646 
3 2310 2316 2321 
3 2310 2321 2320 
3 2322 2320 2321 
3 2319 2310 2320 
3 2319 2320 2322 
3 2396 2401 2388 
3 2401 2398 2392 
3 2401 2392 2388 
3 2400 2392 2398 
3 2322 2321 2400 
3 2322 2400 2364 
3 2316 2388 2392 
3 2316 2392 2321 
3 2321 2392 2400 
3 646 722 717 
3 606 646 717 
3 717 550 606 
3 576 550 717 
3 719 576 717 
3 576 690 677 
3 719 690 576 
3 719 717 789 
3 717 722 814 
3 789 717 814 
3 2322 2304 2249 
3 2322 2249 2319 
3 2249 2304 2262 
3 2266 2262 2304 
3 2300 2266 2304 
3 2254 2230 2266 
3 2213 2249 2262 
3 2213 2262 2266 
3 2213 2266 2230 
3 2349 2322 2364 
3 2346 2349 2364 
3 2346 2300 2304 
3 2349 2304 2322 
3 2304 2349 2346 
3 719 716 690 
3 716 677 690 
3 712 677 716 
3 814 928 921 
3 789 814 921 
3 796 719 789 
3 921 796 789 
3 922 796 921 
3 834 712 716 
3 850 834 716 
3 796 716 719 
3 716 796 922 
3 716 922 850 
3 922 921 941 
3 921 928 975 
3 941 921 975 
3 2111 2143 2141 
3 2111 2141 2122 
3 2128 2122 2141 
3 2132 2128 2141 
3 2123 2125 2128 
3 2070 2111 2122 
3 2070 2122 2128 
3 2070 2128 2125 
3 2213 2230 2188 
3 2230 2254 2198 
3 2230 2198 2188 
3 2201 2198 2254 
3 2201 2132 2141 
3 2143 2188 2198 
3 2143 2198 2141 
3 2141 2198 2201 
3 922 915 850 
3 915 834 850 
3 907 834 915 
3 975 1114 1112 
3 941 975 1112 
3 1035 922 941 
3 1112 1035 941 
3 1104 1035 1112 
3 1046 907 915 
3 1081 1046 915 
3 1035 915 922 
3 915 1035 1104 
3 915 1104 1081 
3 1219 1290 1291 
3 1219 1291 1256 
3 1288 1256 1291 
3 1104 1112 1203 
3 1114 1219 1256 
3 1114 1256 1112 
3 1112 1256 1288 
3 1112 1288 1203 
3 1392 1460 1456 
3 1392 1456 1413 
3 1457 1413 1456 
3 1288 1291 1361 
3 1290 1392 1413 
3 1290 1413 1291 
3 1291 1413 1457 
3 1291 1457 1361 
3 1613 1630 1624 
3 1613 1624 1608 
3 1609 1608 1624 
3 1457 1456 1542 
3 1460 1613 1608 
3 1460 1608 1456 
3 1456 1608 1609 
3 1456 1609 1542 
3 1780 1806 1804 
3 1780 1804 1784 
3 1767 1784 1804 
3 1774 1767 1804 
3 1609 1624 1767 
3 1609 1767 1755 
3 1630 1780 1784 
3 1630 1784 1624 
3 1624 1784 1767 
3 1919 1977 1970 
3 1919 1970 1920 
3 1914 1920 1970 
3 1949 1914 1970 
3 1914 1774 1804 
3 1806 1919 1920 
3 1806 1920 1804 
3 1804 1920 1914 
3 2070 2125 2018 
3 2125 2123 2054 
3 2125 2054 2018 
3 2052 2054 2123 
3 2052 1949 1970 
3 1977 2018 2054 
3 1977 2054 1970 
3 1970 2054 2052 
3 1104 1102 1081 
3 1102 1046 1081 
3 1100 1046 1102 
3 1288 1283 1203 
3 1126 1104 1203 
3 1283 1126 1203 
3 1136 1126 1283 
3 1278 1136 1283 
3 1136 1100 1102 
3 1126 1102 1104 
3 1102 1126 1136 
3 1457 1451 1361 
3 1311 1288 1361 
3 1451 1311 1361 
3 1335 1311 1451 
3 1448 1335 1451 
3 1335 1278 1283 
3 1311 1283 1288 
3 1283 1311 1335 
3 1609 1606 1542 
3 1488 1457 1542 
3 1606 1488 1542 
3 1521 1488 1606 
3 1601 1521 1606 
3 1521 1448 1451 
3 1488 1451 1457 
3 1451 1488 1521 
3 1628 1609 1755 
3 1638 1628 1755 
3 1638 1601 1606 
3 1628 1606 1609 
3 1606 1628 1638 
3 13 17 19 
3 13 14 12 
3 19 14 13 
3 78 82 67 
3 50 78 67 
3 78 50 34 
3 78 34 70 
3 19 17 34 
3 19 34 32 
3 50 67 53 
3 34 50 53 
3 32 34 53 
3 78 70 94 
3 78 94 113 
3 178 82 78 
3 178 78 113 
3 19 22 14 
3 22 12 14 
3 20 12 22 
3 40 32 53 
3 40 19 32 
3 81 77 54 
3 54 20 22 
3 19 40 47 
3 22 19 47 
3 54 22 47 
3 81 54 47 
3 215 211 178 
3 215 178 113 
3 113 94 215 
3 215 94 85 
3 215 85 216 
3 85 77 81 
3 110 85 81 
3 85 110 216 
3 256 215 216 
3 337 211 215 
3 337 215 256 
3 47 93 81 
3 110 250 216 
3 110 81 245 
3 110 245 250 
3 250 245 253 
3 81 93 224 
3 245 81 224 
3 253 245 224 
3 463 472 337 
3 463 337 256 
3 256 216 384 
3 256 384 463 
3 463 384 449 
3 269 250 253 
3 216 250 384 
3 449 384 250 
3 269 449 250 
3 645 665 567 
3 599 645 567 
3 645 599 631 
3 616 463 449 
3 599 567 472 
3 463 599 472 
3 631 599 463 
3 616 631 463 
3 795 804 818 
3 795 645 631 
3 765 795 631 
3 678 665 645 
3 678 645 795 
3 678 795 818 
3 942 962 977 
3 818 804 942 
3 818 942 872 
3 977 872 942 
3 1164 1178 1156 
3 1123 1164 1156 
3 1164 1123 1085 
3 1164 1085 1143 
3 977 962 1085 
3 977 1085 1026 
3 1123 1156 1044 
3 1085 1123 1044 
3 1026 1085 1044 
3 1326 1345 1284 
3 1279 1326 1284 
3 1326 1279 1206 
3 1326 1206 1309 
3 1164 1143 1206 
3 1279 1284 1178 
3 1164 1279 1178 
3 1206 1279 1164 
3 1390 1476 1502 
3 1326 1309 1390 
3 1422 1345 1326 
3 1422 1326 1390 
3 1422 1390 1502 
3 1502 1476 1646 
3 224 255 253 
3 269 447 449 
3 269 253 386 
3 269 386 447 
3 447 386 461 
3 253 255 405 
3 386 253 405 
3 461 386 405 
3 616 628 631 
3 616 449 500 
3 616 500 628 
3 628 500 517 
3 628 517 627 
3 517 447 461 
3 521 517 461 
3 449 447 500 
3 517 500 447 
3 818 826 678 
3 765 631 634 
3 765 634 642 
3 628 627 642 
3 631 628 634 
3 642 634 628 
3 977 985 865 
3 977 865 872 
3 865 818 872 
3 818 865 826 
3 1002 1026 1044 
3 1002 977 1026 
3 977 1002 985 
3 1502 1520 1422 
3 1667 1702 1581 
3 1581 1502 1646 
3 1667 1581 1646 
3 1667 1646 1650 
3 1502 1581 1520 
3 1653 1828 1866 
3 1667 1650 1653 
3 1778 1702 1667 
3 1778 1667 1653 
3 1778 1653 1866 
3 1866 1828 1930 
3 405 494 461 
3 450 460 469 
3 450 453 446 
3 469 453 450 
3 521 461 493 
3 521 493 502 
3 469 460 502 
3 469 502 520 
3 461 494 558 
3 493 461 558 
3 502 493 558 
3 520 502 558 
3 1866 1883 1778 
3 1942 1866 1930 
3 2048 1942 1930 
3 2036 2048 1930 
3 2015 1883 1866 
3 2015 1866 1942 
3 2015 1942 2048 
3 2048 2036 2067 
3 469 496 453 
3 496 446 453 
3 368 446 496 
3 509 368 496 
3 368 408 295 
3 509 408 368 
3 579 520 558 
3 579 469 520 
3 509 496 534 
3 469 579 562 
3 496 469 562 
3 534 496 562 
3 2048 2085 2015 
3 2065 2048 2067 
3 2080 2065 2067 
3 2152 2160 2080 
3 2148 2085 2048 
3 2148 2048 2065 
3 2148 2065 2080 
3 2148 2080 2160 
3 282 276 305 
3 282 285 281 
3 305 285 282 
3 509 528 408 
3 528 295 408 
3 292 295 528 
3 529 292 528 
3 305 276 292 
3 305 292 382 
3 529 382 292 
3 554 534 562 
3 554 509 534 
3 529 528 545 
3 509 554 580 
3 528 509 580 
3 545 528 580 
3 2148 2160 2211 
3 2160 2152 2235 
3 2160 2235 2211 
3 2278 2235 2152 
3 2260 2278 2152 
3 2237 2211 2235 
3 2237 2235 2278 
3 2278 2260 2290 
3 305 325 285 
3 325 281 285 
3 315 281 325 
3 529 537 382 
3 444 305 382 
3 537 444 382 
3 539 444 537 
3 348 315 325 
3 439 348 325 
3 444 325 305 
3 325 444 539 
3 325 539 439 
3 570 545 580 
3 570 529 545 
3 539 537 566 
3 529 570 578 
3 537 529 578 
3 566 537 578 
3 2278 2311 2237 
3 2289 2278 2290 
3 2324 2289 2290 
3 2375 2325 2324 
3 2331 2311 2278 
3 2331 2278 2289 
3 2331 2289 2324 
3 2331 2324 2325 
3 539 549 439 
3 549 348 439 
3 365 348 549 
3 540 365 549 
3 365 524 499 
3 540 524 365 
3 602 566 578 
3 602 539 566 
3 540 549 622 
3 539 602 647 
3 549 539 647 
3 622 549 647 
3 2308 2337 2343 
3 2308 2343 2334 
3 2340 2334 2343 
3 2307 2308 2334 
3 2307 2334 2340 
3 2331 2325 2330 
3 2325 2375 2385 
3 2325 2385 2330 
3 2374 2385 2375 
3 2340 2343 2374 
3 2340 2374 2396 
3 2337 2330 2385 
3 2337 2385 2343 
3 2343 2385 2374 
3 540 541 524 
3 541 499 524 
3 544 499 541 
3 647 753 752 
3 622 647 752 
3 588 540 622 
3 752 588 622 
3 740 588 752 
3 646 544 541 
3 693 646 541 
3 588 541 540 
3 541 588 740 
3 541 740 693 
3 740 752 783 
3 752 753 810 
3 783 752 810 
3 2340 2344 2276 
3 2340 2276 2307 
3 2276 2344 2295 
3 2310 2295 2344 
3 2316 2310 2344 
3 2319 2291 2310 
3 2233 2276 2295 
3 2233 2295 2310 
3 2233 2310 2291 
3 2382 2340 2396 
3 2388 2382 2396 
3 2388 2316 2344 
3 2382 2344 2340 
3 2344 2382 2388 
3 740 735 693 
3 735 646 693 
3 722 646 735 
3 810 934 935 
3 783 810 935 
3 868 740 783 
3 935 868 783 
3 931 868 935 
3 814 722 735 
3 840 814 735 
3 868 735 740 
3 735 868 931 
3 735 931 840 
3 931 935 970 
3 935 934 998 
3 970 935 998 
3 2117 2158 2144 
3 2117 2144 2101 
3 2151 2101 2144 
3 2017 2117 2101 
3 2017 2101 2151 
3 2233 2291 2208 
3 2291 2319 2214 
3 2291 2214 2208 
3 2249 2214 2319 
3 2151 2144 2249 
3 2151 2249 2213 
3 2158 2208 2214 
3 2158 2214 2144 
3 2144 2214 2249 
3 931 929 840 
3 929 814 840 
3 928 814 929 
3 998 1141 1130 
3 970 998 1130 
3 1014 931 970 
3 1130 1014 970 
3 1119 1014 1130 
3 975 928 929 
3 1076 975 929 
3 1014 929 931 
3 929 1014 1119 
3 929 1119 1076 
3 1119 1130 1199 
3 1130 1141 1259 
3 1199 1130 1259 
3 1948 1989 1992 
3 1948 1992 1960 
3 1988 1960 1992 
3 1898 1948 1960 
3 1898 1960 1988 
3 2151 2150 2028 
3 2151 2028 2017 
3 2028 2150 2082 
3 2111 2082 2150 
3 2143 2111 2150 
3 1988 1992 2111 
3 1988 2111 2070 
3 1989 2028 2082 
3 1989 2082 1992 
3 1992 2082 2111 
3 2181 2151 2213 
3 2188 2181 2213 
3 2188 2143 2150 
3 2181 2150 2151 
3 2150 2181 2188 
3 1119 1113 1076 
3 1113 975 1076 
3 1114 975 1113 
3 1259 1312 1297 
3 1199 1259 1297 
3 1169 1119 1199 
3 1297 1169 1199 
3 1219 1169 1297 
3 1290 1219 1297 
3 1219 1114 1113 
3 1169 1113 1119 
3 1113 1169 1219 
3 1366 1491 1478 
3 1366 1478 1370 
3 1392 1370 1478 
3 1460 1392 1478 
3 1392 1290 1297 
3 1312 1366 1370 
3 1312 1370 1297 
3 1297 1370 1392 
3 1562 1670 1656 
3 1562 1656 1584 
3 1613 1584 1656 
3 1630 1613 1656 
3 1613 1460 1478 
3 1491 1562 1584 
3 1491 1584 1478 
3 1478 1584 1613 
3 1739 1826 1821 
3 1739 1821 1756 
3 1780 1756 1821 
3 1806 1780 1821 
3 1780 1630 1656 
3 1670 1739 1756 
3 1670 1756 1656 
3 1656 1756 1780 
3 1988 1976 1871 
3 1988 1871 1898 
3 1871 1976 1892 
3 1919 1892 1976 
3 1977 1919 1976 
3 1919 1806 1821 
3 1826 1871 1892 
3 1826 1892 1821 
3 1821 1892 1919 
3 1995 1988 2070 
3 2018 1995 2070 
3 2018 1977 1976 
3 1995 1976 1988 
3 1976 1995 2018 
3 67 82 89 
3 67 74 53 
3 89 74 67 
3 89 82 178 
3 89 99 74 
3 99 53 74 
3 40 53 99 
3 103 40 99 
3 40 63 47 
3 103 63 40 
3 218 89 178 
3 289 218 178 
3 211 289 178 
3 103 99 112 
3 218 99 89 
3 99 218 289 
3 99 289 112 
3 289 211 337 
3 103 100 63 
3 100 47 63 
3 93 47 100 
3 289 310 112 
3 290 103 112 
3 310 290 112 
3 309 290 310 
3 224 93 100 
3 153 224 100 
3 290 100 103 
3 100 290 309 
3 100 309 153 
3 475 289 337 
3 505 475 337 
3 472 505 337 
3 309 310 328 
3 475 310 289 
3 310 475 505 
3 310 505 328 
3 567 665 668 
3 505 472 567 
3 505 567 597 
3 668 597 567 
3 668 665 678 
3 1017 1018 1006 
3 1007 1017 1006 
3 1017 1007 1011 
3 1007 1006 994 
3 1011 1007 994 
3 1195 1197 1185 
3 1182 1195 1185 
3 1195 1182 1156 
3 1195 1156 1178 
3 1156 1017 1011 
3 1044 1156 1011 
3 1182 1185 1018 
3 1017 1182 1018 
3 1156 1182 1017 
3 1284 1345 1359 
3 1195 1178 1284 
3 1330 1197 1195 
3 1330 1195 1284 
3 1330 1284 1359 
3 1359 1345 1422 
3 309 294 153 
3 294 224 153 
3 255 224 294 
3 505 507 328 
3 421 309 328 
3 507 421 328 
3 498 421 507 
3 405 255 294 
3 471 405 294 
3 421 294 309 
3 294 421 498 
3 294 498 471 
3 668 669 597 
3 586 505 597 
3 669 586 597 
3 679 586 669 
3 498 507 662 
3 586 507 505 
3 507 586 679 
3 507 679 662 
3 672 668 678 
3 837 672 678 
3 826 837 678 
3 679 669 770 
3 672 669 668 
3 669 672 837 
3 669 837 770 
3 952 991 1011 
3 994 952 1011 
3 900 991 952 
3 991 900 865 
3 991 865 985 
3 837 826 865 
3 837 865 866 
3 900 952 890 
3 865 900 890 
3 866 865 890 
3 1044 1011 1010 
3 1044 1010 1002 
3 991 985 1002 
3 1011 991 1010 
3 1002 1010 991 
3 1359 1352 1281 
3 1359 1281 1330 
3 1281 1352 1308 
3 1375 1308 1352 
3 1216 1281 1308 
3 1216 1308 1375 
3 1534 1544 1533 
3 1533 1359 1422 
3 1534 1533 1422 
3 1534 1422 1520 
3 1375 1352 1385 
3 1359 1533 1501 
3 1352 1359 1501 
3 1385 1352 1501 
3 1581 1702 1724 
3 1534 1520 1581 
3 1569 1544 1534 
3 1569 1534 1581 
3 1569 1581 1724 
3 1724 1702 1778 
3 498 497 471 
3 497 405 471 
3 494 405 497 
3 679 689 662 
3 510 498 662 
3 689 510 662 
3 692 510 689 
3 558 494 497 
3 653 558 497 
3 510 497 498 
3 497 510 692 
3 497 692 653 
3 837 854 770 
3 822 679 770 
3 854 822 770 
3 856 822 854 
3 692 689 780 
3 822 689 679 
3 689 822 856 
3 689 856 780 
3 880 866 890 
3 880 837 866 
3 856 854 876 
3 837 880 940 
3 854 837 940 
3 876 854 940 
3 1375 1378 1216 
3 1389 1385 1501 
3 1389 1375 1385 
3 1375 1389 1378 
3 1724 1729 1569 
3 1897 1917 1741 
3 1741 1724 1778 
3 1897 1741 1778 
3 1897 1778 1883 
3 1724 1741 1729 
3 1897 1883 2015 
3 1897 2015 2003 
3 1982 1917 1897 
3 1982 1897 2003 
3 692 695 653 
3 695 558 653 
3 579 558 695 
3 709 579 695 
3 579 659 562 
3 709 659 579 
3 856 870 839 
3 856 839 780 
3 839 692 780 
3 709 695 768 
3 692 839 831 
3 695 692 831 
3 768 695 831 
3 918 876 940 
3 918 856 876 
3 856 918 870 
3 1982 2003 2094 
3 2003 2015 2113 
3 2003 2113 2094 
3 2121 2113 2015 
3 2085 2121 2015 
3 2112 2094 2113 
3 2112 2113 2121 
3 2121 2085 2148 
3 709 721 659 
3 721 562 659 
3 554 562 721 
3 723 554 721 
3 554 621 580 
3 723 621 554 
3 799 768 831 
3 799 709 768 
3 723 721 739 
3 709 799 742 
3 721 709 742 
3 739 721 742 
3 2121 2126 2112 
3 2159 2121 2148 
3 2211 2159 2148 
3 2237 2232 2211 
3 2193 2126 2121 
3 2193 2121 2159 
3 2193 2159 2211 
3 2193 2211 2232 
3 723 754 621 
3 754 580 621 
3 570 580 754 
3 755 570 754 
3 570 635 578 
3 755 635 570 
3 733 739 742 
3 733 723 739 
3 755 754 758 
3 723 733 774 
3 754 723 774 
3 758 754 774 
3 2193 2232 2204 
3 2232 2237 2244 
3 2232 2244 2204 
3 2313 2244 2237 
3 2311 2313 2237 
3 2225 2204 2244 
3 2225 2244 2313 
3 2313 2311 2331 
3 755 767 635 
3 767 578 635 
3 602 578 767 
3 766 602 767 
3 602 694 647 
3 766 694 602 
3 772 758 774 
3 772 755 758 
3 766 767 813 
3 755 772 846 
3 767 755 846 
3 813 767 846 
3 2168 2178 2179 
3 2168 2179 2175 
3 2180 2175 2179 
3 2170 2168 2175 
3 2170 2175 2180 
3 2313 2315 2240 
3 2313 2240 2225 
3 2240 2315 2263 
3 2308 2263 2315 
3 2337 2308 2315 
3 2180 2179 2308 
3 2180 2308 2307 
3 2178 2240 2263 
3 2178 2263 2179 
3 2179 2263 2308 
3 2333 2313 2331 
3 2330 2333 2331 
3 2330 2337 2315 
3 2333 2315 2313 
3 2315 2333 2330 
3 766 763 694 
3 763 647 694 
3 753 647 763 
3 846 954 950 
3 813 846 950 
3 910 766 813 
3 950 910 813 
3 951 910 950 
3 810 753 763 
3 852 810 763 
3 910 763 766 
3 763 910 951 
3 763 951 852 
3 951 950 965 
3 950 954 968 
3 965 950 968 
3 2180 2156 2116 
3 2180 2116 2170 
3 2116 2156 2114 
3 2167 2114 2156 
3 2023 2116 2114 
3 2023 2114 2167 
3 2215 2180 2307 
3 2276 2215 2307 
3 2167 2156 2276 
3 2167 2276 2233 
3 2215 2156 2180 
3 2156 2215 2276 
3 951 947 852 
3 947 810 852 
3 934 810 947 
3 968 1153 1151 
3 965 968 1151 
3 1108 951 965 
3 1151 1108 965 
3 1148 1108 1151 
3 998 934 947 
3 1045 998 947 
3 1108 947 951 
3 947 1108 1148 
3 947 1148 1045 
3 1148 1151 1181 
3 1151 1153 1211 
3 1181 1151 1211 
3 1944 2002 2004 
3 1944 2004 1961 
3 1996 1961 2004 
3 1872 1944 1961 
3 1872 1961 1996 
3 2167 2166 2011 
3 2167 2011 2023 
3 2011 2166 2088 
3 2117 2088 2166 
3 2158 2117 2166 
3 1996 2004 2117 
3 1996 2117 2017 
3 2002 2011 2088 
3 2002 2088 2004 
3 2004 2088 2117 
3 2189 2167 2233 
3 2208 2189 2233 
3 2208 2158 2166 
3 2189 2166 2167 
3 2166 2189 2208 
3 1148 1147 1045 
3 1147 998 1045 
3 1141 998 1147 
3 1211 1334 1325 
3 1181 1211 1325 
3 1222 1148 1181 
3 1325 1222 1181 
3 1320 1222 1325 
3 1259 1141 1147 
3 1289 1259 1147 
3 1222 1147 1148 
3 1147 1222 1320 
3 1147 1320 1289 
3 1416 1518 1512 
3 1416 1512 1471 
3 1507 1471 1512 
3 1320 1325 1394 
3 1334 1416 1471 
3 1334 1471 1325 
3 1325 1471 1507 
3 1325 1507 1394 
3 1625 1675 1687 
3 1625 1687 1639 
3 1678 1639 1687 
3 1507 1512 1536 
3 1518 1625 1639 
3 1518 1639 1512 
3 1512 1639 1678 
3 1512 1678 1536 
3 1753 1840 1842 
3 1753 1842 1786 
3 1837 1786 1842 
3 1678 1687 1743 
3 1675 1753 1786 
3 1675 1786 1687 
3 1687 1786 1837 
3 1687 1837 1743 
3 1996 1986 1852 
3 1996 1852 1872 
3 1852 1986 1911 
3 1948 1911 1986 
3 1989 1948 1986 
3 1837 1842 1948 
3 1837 1948 1898 
3 1840 1852 1911 
3 1840 1911 1842 
3 1842 1911 1948 
3 1998 1996 2017 
3 2028 1998 2017 
3 2028 1989 1986 
3 1998 1986 1996 
3 1986 1998 2028 
3 1320 1316 1289 
3 1316 1259 1289 
3 1312 1259 1316 
3 1507 1497 1394 
3 1348 1320 1394 
3 1497 1348 1394 
3 1366 1348 1497 
3 1491 1366 1497 
3 1366 1312 1316 
3 1348 1316 1320 
3 1316 1348 1366 
3 1678 1677 1536 
3 1546 1507 1536 
3 1677 1546 1536 
3 1562 1546 1677 
3 1670 1562 1677 
3 1562 1491 1497 
3 1546 1497 1507 
3 1497 1546 1562 
3 1837 1830 1743 
3 1723 1678 1743 
3 1830 1723 1743 
3 1739 1723 1830 
3 1826 1739 1830 
3 1739 1670 1677 
3 1723 1677 1678 
3 1677 1723 1739 
3 1864 1837 1898 
3 1871 1864 1898 
3 1871 1826 1830 
3 1864 1830 1837 
3 1830 1864 1871 
3 1006 1018 1028 
3 1006 1000 994 
3 1028 1000 1006 
3 1185 1197 1214 
3 1028 1018 1185 
3 1028 1185 1139 
3 1214 1139 1185 
3 1214 1197 1330 
3 1028 1037 1000 
3 1037 994 1000 
3 952 994 1037 
3 1039 952 1037 
3 952 988 890 
3 1039 988 952 
3 1214 1217 1139 
3 1175 1028 1139 
3 1217 1175 1139 
3 1209 1175 1217 
3 1039 1037 1201 
3 1175 1037 1028 
3 1037 1175 1209 
3 1037 1209 1201 
3 1276 1214 1330 
3 1281 1276 1330 
3 1209 1217 1281 
3 1209 1281 1216 
3 1276 1217 1214 
3 1217 1276 1281 
3 1533 1544 1545 
3 1533 1543 1501 
3 1545 1543 1533 
3 1545 1544 1569 
3 1039 1041 988 
3 1041 890 988 
3 880 890 1041 
3 1047 880 1041 
3 880 1008 940 
3 1047 1008 880 
3 1209 1210 1201 
3 1135 1039 1201 
3 1210 1135 1201 
3 1229 1135 1210 
3 1047 1041 1152 
3 1135 1041 1039 
3 1041 1135 1229 
3 1041 1229 1152 
3 1213 1209 1216 
3 1396 1213 1216 
3 1378 1396 1216 
3 1229 1210 1304 
3 1213 1210 1209 
3 1210 1213 1396 
3 1210 1396 1304 
3 1545 1548 1543 
3 1548 1501 1543 
3 1389 1501 1548 
3 1570 1389 1548 
3 1396 1378 1389 
3 1396 1389 1464 
3 1570 1464 1389 
3 1557 1545 1569 
3 1746 1557 1569 
3 1729 1746 1569 
3 1570 1548 1619 
3 1557 1548 1545 
3 1548 1557 1746 
3 1548 1746 1619 
3 1741 1917 1927 
3 1746 1729 1741 
3 1746 1741 1849 
3 1927 1849 1741 
3 1927 1917 1982 
3 839 870 879 
3 839 855 831 
3 879 855 839 
3 1047 1052 1008 
3 1052 940 1008 
3 918 940 1052 
3 1088 918 1052 
3 879 870 918 
3 879 918 979 
3 1088 979 918 
3 1229 1264 1223 
3 1229 1223 1152 
3 1223 1047 1152 
3 1088 1052 1116 
3 1047 1223 1158 
3 1052 1047 1158 
3 1116 1052 1158 
3 1396 1421 1369 
3 1396 1369 1304 
3 1369 1229 1304 
3 1229 1369 1264 
3 1570 1578 1494 
3 1570 1494 1464 
3 1494 1396 1464 
3 1396 1494 1421 
3 1746 1766 1728 
3 1746 1728 1619 
3 1728 1570 1619 
3 1570 1728 1578 
3 1927 1943 1849 
3 1922 1746 1849 
3 1943 1922 1849 
3 1953 1922 1943 
3 1887 1766 1746 
3 1887 1746 1922 
3 1887 1922 1953 
3 1985 1927 1982 
3 2094 1985 1982 
3 1953 1943 2094 
3 1953 2094 2112 
3 1985 1943 1927 
3 1943 1985 2094 
3 879 889 855 
3 889 831 855 
3 799 831 889 
3 912 799 889 
3 799 849 742 
3 912 849 799 
3 1088 1103 979 
3 1032 879 979 
3 1103 1032 979 
3 1109 1032 1103 
3 912 889 984 
3 1032 889 879 
3 889 1032 1109 
3 889 1109 984 
3 1167 1116 1158 
3 1167 1088 1116 
3 1109 1103 1128 
3 1088 1167 1155 
3 1103 1088 1155 
3 1128 1103 1155 
3 1953 1972 1967 
3 1953 1967 1887 
3 1967 1972 1965 
3 1973 1965 1972 
3 1956 1967 1965 
3 1956 1965 1973 
3 2078 1953 2112 
3 2140 2078 2112 
3 2126 2140 2112 
3 1973 1972 2057 
3 2078 1972 1953 
3 1972 2078 2140 
3 1972 2140 2057 
3 2140 2126 2193 
3 912 923 849 
3 923 742 849 
3 733 742 923 
3 936 733 923 
3 733 859 774 
3 936 859 733 
3 1109 1129 1117 
3 1109 1117 984 
3 1117 912 984 
3 936 923 980 
3 912 1117 1115 
3 923 912 1115 
3 980 923 1115 
3 1180 1128 1155 
3 1180 1109 1128 
3 1109 1180 1129 
3 1973 1983 1934 
3 1973 1934 1956 
3 1934 1983 1964 
3 1987 1964 1983 
3 1885 1934 1964 
3 1885 1964 1987 
3 2140 2145 2057 
3 2084 1973 2057 
3 2145 2084 2057 
3 2161 2084 2145 
3 1987 1983 2064 
3 2084 1983 1973 
3 1983 2084 2161 
3 1983 2161 2064 
3 2174 2140 2193 
3 2204 2174 2193 
3 2161 2145 2204 
3 2161 2204 2225 
3 2174 2145 2140 
3 2145 2174 2204 
3 936 939 859 
3 939 774 859 
3 772 774 939 
3 945 772 939 
3 772 908 846 
3 945 908 772 
3 1115 1145 1149 
3 980 1115 1149 
3 1122 936 980 
3 1149 1122 980 
3 1150 1122 1149 
3 945 939 1019 
3 1122 939 936 
3 939 1122 1150 
3 939 1150 1019 
3 1150 1149 1163 
3 1149 1145 1194 
3 1163 1149 1194 
3 1649 1659 1661 
3 1649 1661 1654 
3 1662 1654 1661 
3 1644 1649 1654 
3 1644 1654 1662 
3 1662 1661 1664 
3 1661 1659 1703 
3 1664 1661 1703 
3 1987 1991 1886 
3 1987 1886 1885 
3 1886 1991 1946 
3 2000 1946 1991 
3 1855 1886 1946 
3 1855 1946 2000 
3 2161 2172 2064 
3 2083 1987 2064 
3 2172 2083 2064 
3 2168 2083 2172 
3 2178 2168 2172 
3 2000 1991 2168 
3 2000 2168 2170 
3 2083 1991 1987 
3 1991 2083 2168 
3 2199 2161 2225 
3 2240 2199 2225 
3 2240 2178 2172 
3 2199 2172 2161 
3 2172 2199 2240 
3 945 948 908 
3 948 846 908 
3 954 846 948 
3 1150 1157 1019 
3 1050 945 1019 
3 1157 1050 1019 
3 1160 1050 1157 
3 968 954 948 
3 1075 968 948 
3 1050 948 945 
3 948 1050 1160 
3 948 1160 1075 
3 1194 1341 1339 
3 1163 1194 1339 
3 1324 1150 1163 
3 1339 1324 1163 
3 1340 1324 1339 
3 1160 1157 1198 
3 1324 1157 1150 
3 1157 1324 1340 
3 1157 1340 1198 
3 1469 1503 1504 
3 1469 1504 1489 
3 1506 1489 1504 
3 1340 1339 1349 
3 1341 1469 1489 
3 1341 1489 1339 
3 1339 1489 1506 
3 1339 1506 1349 
3 1662 1674 1644 
3 1506 1504 1526 
3 1504 1503 1575 
3 1526 1504 1575 
3 1703 1838 1845 
3 1664 1703 1845 
3 1748 1662 1664 
3 1845 1748 1664 
3 1825 1748 1845 
3 1700 1674 1662 
3 1700 1662 1748 
3 1700 1748 1825 
3 2000 2012 1875 
3 2000 1875 1855 
3 1875 2012 1936 
3 2009 1936 2012 
3 1825 1845 1918 
3 1838 1875 1936 
3 1838 1936 1845 
3 1845 1936 2009 
3 1845 2009 1918 
3 2076 2000 2170 
3 2116 2076 2170 
3 2009 2012 2116 
3 2009 2116 2023 
3 2076 2012 2000 
3 2012 2076 2116 
3 1160 1161 1075 
3 1161 968 1075 
3 1153 968 1161 
3 1340 1338 1198 
3 1228 1160 1198 
3 1338 1228 1198 
3 1336 1228 1338 
3 1211 1153 1161 
3 1287 1211 1161 
3 1228 1161 1160 
3 1161 1228 1336 
3 1161 1336 1287 
3 1506 1511 1349 
3 1435 1340 1349 
3 1511 1435 1349 
3 1513 1435 1511 
3 1336 1338 1436 
3 1435 1338 1340 
3 1338 1435 1513 
3 1338 1513 1436 
3 1575 1695 1690 
3 1526 1575 1690 
3 1574 1506 1526 
3 1690 1574 1526 
3 1679 1574 1690 
3 1513 1511 1591 
3 1574 1511 1506 
3 1511 1574 1679 
3 1511 1679 1591 
3 1825 1827 1698 
3 1825 1698 1700 
3 1698 1827 1770 
3 1851 1770 1827 
3 1679 1690 1789 
3 1695 1698 1770 
3 1695 1770 1690 
3 1690 1770 1851 
3 1690 1851 1789 
3 2009 2005 1918 
3 1900 1825 1918 
3 2005 1900 1918 
3 1944 1900 2005 
3 2002 1944 2005 
3 1851 1827 1944 
3 1851 1944 1872 
3 1900 1827 1825 
3 1827 1900 1944 
3 2013 2009 2023 
3 2011 2013 2023 
3 2011 2002 2005 
3 2013 2005 2009 
3 2005 2013 2011 
3 1336 1332 1287 
3 1332 1211 1287 
3 1334 1211 1332 
3 1513 1515 1436 
3 1356 1336 1436 
3 1515 1356 1436 
3 1416 1356 1515 
3 1518 1416 1515 
3 1416 1334 1332 
3 1356 1332 1336 
3 1332 1356 1416 
3 1679 1682 1591 
3 1538 1513 1591 
3 1682 1538 1591 
3 1625 1538 1682 
3 1675 1625 1682 
3 1625 1518 1515 
3 1538 1515 1513 
3 1515 1538 1625 
3 1851 1843 1789 
3 1720 1679 1789 
3 1843 1720 1789 
3 1753 1720 1843 
3 1840 1753 1843 
3 1753 1675 1682 
3 1720 1682 1679 
3 1682 1720 1753 
3 1854 1851 1872 
3 1852 1854 1872 
3 1852 1840 1843 
3 1854 1843 1851 
3 1843 1854 1852 
3 1223 1264 1277 
3 1223 1231 1158 
3 1277 1231 1223 
3 1369 1421 1461 
3 1277 1264 1369 
3 1277 1369 1386 
3 1461 1386 1369 
3 1494 1578 1622 
3 1461 1421 1494 
3 1461 1494 1492 
3 1622 1492 1494 
3 1728 1766 1782 
3 1622 1578 1728 
3 1622 1728 1750 
3 1782 1750 1728 
3 1782 1766 1887 
3 1277 1295 1231 
3 1295 1158 1231 
3 1167 1158 1295 
3 1307 1167 1295 
3 1167 1225 1155 
3 1307 1225 1167 
3 1461 1479 1467 
3 1461 1467 1386 
3 1467 1277 1386 
3 1307 1295 1355 
3 1277 1467 1468 
3 1295 1277 1468 
3 1355 1295 1468 
3 1622 1657 1492 
3 1645 1461 1492 
3 1657 1645 1492 
3 1658 1645 1657 
3 1637 1479 1461 
3 1637 1461 1645 
3 1637 1645 1658 
3 1782 1787 1750 
3 1711 1622 1750 
3 1787 1711 1750 
3 1808 1711 1787 
3 1658 1657 1714 
3 1711 1657 1622 
3 1657 1711 1808 
3 1657 1808 1714 
3 1805 1782 1887 
3 1967 1805 1887 
3 1808 1787 1967 
3 1808 1967 1956 
3 1805 1787 1782 
3 1787 1805 1967 
3 1117 1129 1138 
3 1117 1127 1115 
3 1138 1127 1117 
3 1307 1306 1225 
3 1306 1155 1225 
3 1180 1155 1306 
3 1313 1180 1306 
3 1138 1129 1180 
3 1138 1180 1253 
3 1313 1253 1180 
3 1468 1496 1486 
3 1355 1468 1486 
3 1446 1307 1355 
3 1486 1446 1355 
3 1487 1446 1486 
3 1313 1306 1384 
3 1446 1306 1307 
3 1306 1446 1487 
3 1306 1487 1384 
3 1658 1666 1637 
3 1487 1486 1547 
3 1486 1496 1566 
3 1547 1486 1566 
3 1808 1810 1714 
3 1742 1658 1714 
3 1810 1742 1714 
3 1816 1742 1810 
3 1717 1666 1658 
3 1717 1658 1742 
3 1717 1742 1816 
3 1868 1808 1956 
3 1934 1868 1956 
3 1816 1810 1934 
3 1816 1934 1885 
3 1868 1810 1808 
3 1810 1868 1934 
3 1138 1140 1127 
3 1140 1115 1127 
3 1145 1115 1140 
3 1313 1322 1253 
3 1159 1138 1253 
3 1322 1159 1253 
3 1327 1159 1322 
3 1194 1145 1140 
3 1285 1194 1140 
3 1159 1140 1138 
3 1140 1159 1327 
3 1140 1327 1285 
3 1487 1517 1384 
3 1440 1313 1384 
3 1517 1440 1384 
3 1508 1440 1517 
3 1327 1322 1405 
3 1440 1322 1313 
3 1322 1440 1508 
3 1322 1508 1405 
3 1566 1689 1680 
3 1547 1566 1680 
3 1540 1487 1547 
3 1680 1540 1547 
3 1649 1540 1680 
3 1659 1649 1680 
3 1508 1517 1649 
3 1508 1649 1644 
3 1540 1517 1487 
3 1517 1540 1649 
3 1816 1822 1704 
3 1816 1704 1717 
3 1704 1822 1758 
3 1835 1758 1822 
3 1703 1659 1680 
3 1764 1703 1680 
3 1689 1704 1758 
3 1689 1758 1680 
3 1680 1758 1835 
3 1680 1835 1764 
3 1857 1816 1885 
3 1886 1857 1885 
3 1835 1822 1886 
3 1835 1886 1855 
3 1857 1822 1816 
3 1822 1857 1886 
3 1327 1331 1285 
3 1331 1194 1285 
3 1341 1194 1331 
3 1508 1510 1405 
3 1383 1327 1405 
3 1510 1383 1405 
3 1469 1383 1510 
3 1503 1469 1510 
3 1469 1341 1331 
3 1383 1331 1327 
3 1331 1383 1469 
3 1561 1508 1644 
3 1691 1561 1644 
3 1674 1691 1644 
3 1575 1503 1510 
3 1676 1575 1510 
3 1561 1510 1508 
3 1510 1561 1691 
3 1510 1691 1676 
3 1835 1836 1764 
3 1836 1703 1764 
3 1838 1703 1836 
3 1691 1674 1700 
3 1860 1835 1855 
3 1875 1860 1855 
3 1875 1838 1836 
3 1860 1836 1835 
3 1836 1860 1875 
3 1691 1692 1676 
3 1692 1575 1676 
3 1695 1575 1692 
3 1696 1691 1700 
3 1698 1696 1700 
3 1698 1695 1692 
3 1696 1692 1691 
3 1692 1696 1698 
3 1467 1479 1498 
3 1467 1474 1468 
3 1498 1474 1467 
3 1498 1479 1637 
3 1498 1516 1474 
3 1516 1468 1474 
3 1496 1468 1516 
3 1617 1498 1637 
3 1705 1617 1637 
3 1666 1705 1637 
3 1566 1496 1516 
3 1620 1566 1516 
3 1617 1516 1498 
3 1516 1617 1705 
3 1516 1705 1620 
3 1705 1666 1717 
3 1705 1693 1620 
3 1693 1566 1620 
3 1689 1566 1693 
3 1701 1705 1717 
3 1704 1701 1717 
3 1704 1689 1693 
3 1701 1693 1705 
3 1693 1701 1704 
